segment_id,point_id,point_type,direction,status,gcs_uri,latitude,longitude,pano_id,pano_lat,pano_lng,street_bearing,heading
0,0000,junction,forward,uploaded,gs://cv-urban-accessibility-bucket/streetview/polygon_4v/20260329T023321Z/000-0000_forward_40.9735915_29.064327_303.2.jpg,40.9735915,29.064327,_QjBY-BdipYJYXpLfj8n_g,40.97360111508213,29.06433202618764,303.24,303.24
0,0000,junction,backward,uploaded,gs://cv-urban-accessibility-bucket/streetview/polygon_4v/20260329T023321Z/000-0000_backward_40.9735915_29.064327_123.2.jpg,40.9735915,29.064327,_QjBY-BdipYJYXpLfj8n_g,40.97360111508213,29.06433202618764,303.24,123.24000000000001
0,0001,street,forward,uploaded,gs://cv-urban-accessibility-bucket/streetview/polygon_4v/20260329T023321Z/000-0001_forward_40.9736724_29.0641635_303.2.jpg,40.9736724,29.0641635,NT1LqGJP3eZ1cJbJOt0VMA,40.97370647658421,29.06414266608751,303.24,303.24
0,0001,street,backward,uploaded,gs://cv-urban-accessibility-bucket/streetview/polygon_4v/20260329T023321Z/000-0001_backward_40.9736724_29.0641635_123.2.jpg,40.9736724,29.0641635,NT1LqGJP3eZ1cJbJOt0VMA,40.97370647658421,29.06414266608751,303.24,123.24000000000001
1,0002,junction,forward,uploaded,gs://cv-urban-accessibility-bucket/streetview/polygon_4v/20260329T023321Z/001-0002_forward_40.9709341_29.0673879_305.6.jpg,40.9709341,29.0673879,CCs7tahHtZokRrnmK99wkg,40.97089117754979,29.06731648077447,305.59,305.59
1,0002,junction,backward,uploaded,gs://cv-urban-accessibility-bucket/streetview/polygon_4v/20260329T023321Z/001-0002_backward_40.9709341_29.0673879_125.6.jpg,40.9709341,29.0673879,CCs7tahHtZokRrnmK99wkg,40.97089117754979,29.06731648077447,305.59,125.58999999999997
1,0003,street,forward,uploaded,gs://cv-urban-accessibility-bucket/streetview/polygon_4v/20260329T023321Z/001-0003_forward_40.9710909_29.0670977_305.6.jpg,40.9710909,29.0670977,lnflYjD4_qpN9Db28e4CIQ,40.97108355827561,29.06709134815556,305.59,305.59
1,0003,street,backward,uploaded,gs://cv-urban-accessibility-bucket/streetview/polygon_4v/20260329T023321Z/001-0003_backward_40.9710909_29.0670977_125.6.jpg,40.9710909,29.0670977,lnflYjD4_qpN9Db28e4CIQ,40.97108355827561,29.06709134815556,305.59,125.58999999999997
1,0004,street,forward,uploaded,gs://cv-urban-accessibility-bucket/streetview/polygon_4v/20260329T023321Z/001-0004_forward_40.9712477_29.0668074_305.6.jpg,40.9712477,29.0668074,eWcuJAjoLxvdLiC_tTGAtA,40.97123523975515,29.06679537282685,305.59,305.59
1,0004,street,backward,uploaded,gs://cv-urban-accessibility-bucket/streetview/polygon_4v/20260329T023321Z/001-0004_backward_40.9712477_29.0668074_125.6.jpg,40.9712477,29.0668074,eWcuJAjoLxvdLiC_tTGAtA,40.97123523975515,29.06679537282685,305.59,125.58999999999997
1,0005,street,forward,uploaded,gs://cv-urban-accessibility-bucket/streetview/polygon_4v/20260329T023321Z/001-0005_forward_40.9714045_29.0665172_305.6.jpg,40.9714045,29.0665172,MsCT7fgVXQnDCgnMo_0gEw,40.97139205793064,29.06649717754629,305.59,305.59
1,0005,street,backward,uploaded,gs://cv-urban-accessibility-bucket/streetview/polygon_4v/20260329T023321Z/001-0005_backward_40.9714045_29.0665172_125.6.jpg,40.9714045,29.0665172,MsCT7fgVXQnDCgnMo_0gEw,40.97139205793064,29.06649717754629,305.59,125.58999999999997
1,0006,street,forward,uploaded,gs://cv-urban-accessibility-bucket/streetview/polygon_4v/20260329T023321Z/001-0006_forward_40.9715613_29.066227_305.6.jpg,40.9715613,29.066227,Usp1igcO-WK7e93hkJVbTA,40.97155508359901,29.06619081435712,305.59,305.59
1,0006,street,backward,uploaded,gs://cv-urban-accessibility-bucket/streetview/polygon_4v/20260329T023321Z/001-0006_backward_40.9715613_29.066227_125.6.jpg,40.9715613,29.066227,Usp1igcO-WK7e93hkJVbTA,40.97155508359901,29.06619081435712,305.59,125.58999999999997
1,0007,street,forward,uploaded,gs://cv-urban-accessibility-bucket/streetview/polygon_4v/20260329T023321Z/001-0007_forward_40.9717181_29.0659367_305.6.jpg,40.9717181,29.0659367,8FwELFLcGIhXoKDmKe_5mA,40.97167854949949,29.06596035355201,305.59,305.59
1,0007,street,backward,uploaded,gs://cv-urban-accessibility-bucket/streetview/polygon_4v/20260329T023321Z/001-0007_backward_40.9717181_29.0659367_125.6.jpg,40.9717181,29.0659367,8FwELFLcGIhXoKDmKe_5mA,40.97167854949949,29.06596035355201,305.59,125.58999999999997
1,0008,street,forward,uploaded,gs://cv-urban-accessibility-bucket/streetview/polygon_4v/20260329T023321Z/001-0008_forward_40.9718749_29.0656465_305.9.jpg,40.9718749,29.0656465,3_1TXi90a-JR2SyDlP2GTA,40.97183999090267,29.06565922704473,305.91,305.91
1,0008,street,backward,uploaded,gs://cv-urban-accessibility-bucket/streetview/polygon_4v/20260329T023321Z/001-0008_backward_40.9718749_29.0656465_125.9.jpg,40.9718749,29.0656465,3_1TXi90a-JR2SyDlP2GTA,40.97183999090267,29.06565922704473,305.91,125.91000000000003
1,0009,street,forward,uploaded,gs://cv-urban-accessibility-bucket/streetview/polygon_4v/20260329T023321Z/001-0009_forward_40.972033_29.0653574_305.6.jpg,40.972033,29.0653574,oFhjEDOWH7eGBhtee5VAmQ,40.9719981435555,29.06536413669507,305.61,305.61
1,0009,street,backward,uploaded,gs://cv-urban-accessibility-bucket/streetview/polygon_4v/20260329T023321Z/001-0009_backward_40.972033_29.0653574_125.6.jpg,40.972033,29.0653574,oFhjEDOWH7eGBhtee5VAmQ,40.9719981435555,29.06536413669507,305.61,125.61000000000001
1,0010,street,forward,uploaded,gs://cv-urban-accessibility-bucket/streetview/polygon_4v/20260329T023321Z/001-0010_forward_40.9721899_29.0650674_305.3.jpg,40.9721899,29.0650674,AsNdvUQCSk63miBnMpA_Ow,40.97215588776266,29.06506975598213,305.28,305.28
1,0010,street,backward,uploaded,gs://cv-urban-accessibility-bucket/streetview/polygon_4v/20260329T023321Z/001-0010_backward_40.9721899_29.0650674_125.3.jpg,40.9721899,29.0650674,AsNdvUQCSk63miBnMpA_Ow,40.97215588776266,29.06506975598213,305.28,125.27999999999997
1,0011,street,forward,uploaded,gs://cv-urban-accessibility-bucket/streetview/polygon_4v/20260329T023321Z/001-0011_forward_40.9723454_29.0647761_306.1.jpg,40.9723454,29.0647761,1oQfFualcxu8DGO4SCVLjw,40.97232796472102,29.06477058079145,306.09,306.09
1,0011,street,backward,uploaded,gs://cv-urban-accessibility-bucket/streetview/polygon_4v/20260329T023321Z/001-0011_backward_40.9723454_29.0647761_126.1.jpg,40.9723454,29.0647761,1oQfFualcxu8DGO4SCVLjw,40.97232796472102,29.06477058079145,306.09,126.08999999999997
1,0012,junction,forward,uploaded,gs://cv-urban-accessibility-bucket/streetview/polygon_4v/20260329T023321Z/001-0012_forward_40.9724914_29.0645109_306.1.jpg,40.9724914,29.0645109,arDy2d8YGZiyas_dNSZTSg,40.97250593654166,29.06446385902999,306.09,306.09
1,0012,junction,backward,uploaded,gs://cv-urban-accessibility-bucket/streetview/polygon_4v/20260329T023321Z/001-0012_backward_40.9724914_29.0645109_126.1.jpg,40.9724914,29.0645109,arDy2d8YGZiyas_dNSZTSg,40.97250593654166,29.06446385902999,306.09,126.08999999999997
2,0013,junction,forward,uploaded,gs://cv-urban-accessibility-bucket/streetview/polygon_4v/20260329T023321Z/002-0013_forward_40.9724914_29.0645109_34.0.jpg,40.9724914,29.0645109,arDy2d8YGZiyas_dNSZTSg,40.97250593654166,29.06446385902999,34.04,34.04
2,0013,junction,backward,uploaded,gs://cv-urban-accessibility-bucket/streetview/polygon_4v/20260329T023321Z/002-0013_backward_40.9724914_29.0645109_214.0.jpg,40.9724914,29.0645109,arDy2d8YGZiyas_dNSZTSg,40.97250593654166,29.06446385902999,34.04,214.04
2,0014,street,forward,uploaded,gs://cv-urban-accessibility-bucket/streetview/polygon_4v/20260329T023321Z/002-0014_forward_40.972715_29.064711_34.2.jpg,40.972715,29.064711,3p-vFFKmqcFIU3-QlXlA_A,40.97273103050368,29.06467763217805,34.16,34.16
2,0014,street,backward,uploaded,gs://cv-urban-accessibility-bucket/streetview/polygon_4v/20260329T023321Z/002-0014_backward_40.972715_29.064711_214.2.jpg,40.972715,29.064711,3p-vFFKmqcFIU3-QlXlA_A,40.97273103050368,29.06467763217805,34.16,214.16
2,0015,street,forward,uploaded,gs://cv-urban-accessibility-bucket/streetview/polygon_4v/20260329T023321Z/002-0015_forward_40.9729383_29.0649116_34.6.jpg,40.9729383,29.0649116,3eY_1a_oWWUhTCftM-AhCA,40.9729528506668,29.06488838664129,34.62,34.62
2,0015,street,backward,uploaded,gs://cv-urban-accessibility-bucket/streetview/polygon_4v/20260329T023321Z/002-0015_backward_40.9729383_29.0649116_214.6.jpg,40.9729383,29.0649116,3eY_1a_oWWUhTCftM-AhCA,40.9729528506668,29.06488838664129,34.62,214.62
2,0016,street,forward,uploaded,gs://cv-urban-accessibility-bucket/streetview/polygon_4v/20260329T023321Z/002-0016_forward_40.9731603_29.0651146_34.6.jpg,40.9731603,29.0651146,2l_H42bGyvMftcyY_wmeIw,40.97317522965971,29.06509967346894,34.62,34.62
2,0016,street,backward,uploaded,gs://cv-urban-accessibility-bucket/streetview/polygon_4v/20260329T023321Z/002-0016_backward_40.9731603_29.0651146_214.6.jpg,40.9731603,29.0651146,2l_H42bGyvMftcyY_wmeIw,40.97317522965971,29.06509967346894,34.62,214.62
2,0017,junction,forward,uploaded,gs://cv-urban-accessibility-bucket/streetview/polygon_4v/20260329T023321Z/002-0017_forward_40.973189_29.0651409_34.6.jpg,40.973189,29.0651409,2l_H42bGyvMftcyY_wmeIw,40.97317522965971,29.06509967346894,34.62,34.62
2,0017,junction,backward,uploaded,gs://cv-urban-accessibility-bucket/streetview/polygon_4v/20260329T023321Z/002-0017_backward_40.973189_29.0651409_214.6.jpg,40.973189,29.0651409,2l_H42bGyvMftcyY_wmeIw,40.97317522965971,29.06509967346894,34.62,214.62
3,0018,junction,forward,uploaded,gs://cv-urban-accessibility-bucket/streetview/polygon_4v/20260329T023321Z/003-0018_forward_40.9697715_29.0676053_34.2.jpg,40.9697715,29.0676053,-gP8Cos0LOZ2R0VUnUECVw,40.96972939680204,29.06759434510228,34.19,34.19
3,0018,junction,backward,uploaded,gs://cv-urban-accessibility-bucket/streetview/polygon_4v/20260329T023321Z/003-0018_backward_40.9697715_29.0676053_214.2.jpg,40.9697715,29.0676053,-gP8Cos0LOZ2R0VUnUECVw,40.96972939680204,29.06759434510228,34.19,214.19
3,0019,street,forward,uploaded,gs://cv-urban-accessibility-bucket/streetview/polygon_4v/20260329T023321Z/003-0019_forward_40.9699947_29.0678061_34.2.jpg,40.9699947,29.0678061,bN4UYkpeKH3S7IGoTb3myQ,40.97003899151662,29.06780358637219,34.19,34.19
3,0019,street,backward,uploaded,gs://cv-urban-accessibility-bucket/streetview/polygon_4v/20260329T023321Z/003-0019_backward_40.9699947_29.0678061_214.2.jpg,40.9699947,29.0678061,bN4UYkpeKH3S7IGoTb3myQ,40.97003899151662,29.06780358637219,34.19,214.19
3,0020,street,forward,uploaded,gs://cv-urban-accessibility-bucket/streetview/polygon_4v/20260329T023321Z/003-0020_forward_40.9702179_29.0680069_34.2.jpg,40.9702179,29.0680069,PHlwwdKUQ9TSx3AcOiqFHw,40.97020376450335,29.06796435662258,34.19,34.19
3,0020,street,backward,uploaded,gs://cv-urban-accessibility-bucket/streetview/polygon_4v/20260329T023321Z/003-0020_backward_40.9702179_29.0680069_214.2.jpg,40.9702179,29.0680069,PHlwwdKUQ9TSx3AcOiqFHw,40.97020376450335,29.06796435662258,34.19,214.19
3,0021,street,forward,uploaded,gs://cv-urban-accessibility-bucket/streetview/polygon_4v/20260329T023321Z/003-0021_forward_40.9704411_29.0682077_34.2.jpg,40.9704411,29.0682077,0Pe4-mV3Zcu-VZfEbGYsyA,40.97043613431976,29.06819126343524,34.19,34.19
3,0021,street,backward,uploaded,gs://cv-urban-accessibility-bucket/streetview/polygon_4v/20260329T023321Z/003-0021_backward_40.9704411_29.0682077_214.2.jpg,40.9704411,29.0682077,0Pe4-mV3Zcu-VZfEbGYsyA,40.97043613431976,29.06819126343524,34.19,214.19
3,0022,street,forward,uploaded,gs://cv-urban-accessibility-bucket/streetview/polygon_4v/20260329T023321Z/003-0022_forward_40.9706643_29.0684085_34.2.jpg,40.9706643,29.0684085,uo0WB-UUnXgoQ6GqhOruag,40.97066051533157,29.06841018025142,34.19,34.19
3,0022,street,backward,uploaded,gs://cv-urban-accessibility-bucket/streetview/polygon_4v/20260329T023321Z/003-0022_backward_40.9706643_29.0684085_214.2.jpg,40.9706643,29.0684085,uo0WB-UUnXgoQ6GqhOruag,40.97066051533157,29.06841018025142,34.19,214.19
3,0023,street,forward,uploaded,gs://cv-urban-accessibility-bucket/streetview/polygon_4v/20260329T023321Z/003-0023_forward_40.9708875_29.0686093_34.2.jpg,40.9708875,29.0686093,3alVezB9jdVDpP9-vtoaSw,40.97088286105614,29.06862723250223,34.19,34.19
3,0023,street,backward,uploaded,gs://cv-urban-accessibility-bucket/streetview/polygon_4v/20260329T023321Z/003-0023_backward_40.9708875_29.0686093_214.2.jpg,40.9708875,29.0686093,3alVezB9jdVDpP9-vtoaSw,40.97088286105614,29.06862723250223,34.19,214.19
3,0024,street,forward,uploaded,gs://cv-urban-accessibility-bucket/streetview/polygon_4v/20260329T023321Z/003-0024_forward_40.9711107_29.0688101_34.2.jpg,40.9711107,29.0688101,pFTiOg31ZDfDDPrIu9hzow,40.97112115855509,29.06885981984734,34.19,34.19
3,0024,street,backward,uploaded,gs://cv-urban-accessibility-bucket/streetview/polygon_4v/20260329T023321Z/003-0024_backward_40.9711107_29.0688101_214.2.jpg,40.9711107,29.0688101,pFTiOg31ZDfDDPrIu9hzow,40.97112115855509,29.06885981984734,34.19,214.19
3,0025,junction,forward,uploaded,gs://cv-urban-accessibility-bucket/streetview/polygon_4v/20260329T023321Z/003-0025_forward_40.9712133_29.0689024_34.2.jpg,40.9712133,29.0689024,G_E_AsZJSQmVyV0oNUGbGw,40.97122056000153,29.06883762641369,34.19,34.19
3,0025,junction,backward,uploaded,gs://cv-urban-accessibility-bucket/streetview/polygon_4v/20260329T023321Z/003-0025_backward_40.9712133_29.0689024_214.2.jpg,40.9712133,29.0689024,G_E_AsZJSQmVyV0oNUGbGw,40.97122056000153,29.06883762641369,34.19,214.19
4,0026,junction,forward,uploaded,gs://cv-urban-accessibility-bucket/streetview/polygon_4v/20260329T023321Z/004-0026_forward_40.9712133_29.0689024_304.3.jpg,40.9712133,29.0689024,G_E_AsZJSQmVyV0oNUGbGw,40.97122056000153,29.06883762641369,304.27,304.27
4,0026,junction,backward,uploaded,gs://cv-urban-accessibility-bucket/streetview/polygon_4v/20260329T023321Z/004-0026_backward_40.9712133_29.0689024_124.3.jpg,40.9712133,29.0689024,G_E_AsZJSQmVyV0oNUGbGw,40.97122056000153,29.06883762641369,304.27,124.26999999999998
4,0027,street,forward,uploaded,gs://cv-urban-accessibility-bucket/streetview/polygon_4v/20260329T023321Z/004-0027_forward_40.971365_29.0686075_304.3.jpg,40.971365,29.0686075,rUH4ckEQso_2Eclmcn2c4w,40.97133421150496,29.06861817756788,304.27,304.27
4,0027,street,backward,uploaded,gs://cv-urban-accessibility-bucket/streetview/polygon_4v/20260329T023321Z/004-0027_backward_40.971365_29.0686075_124.3.jpg,40.971365,29.0686075,rUH4ckEQso_2Eclmcn2c4w,40.97133421150496,29.06861817756788,304.27,124.26999999999998
4,0028,street,forward,uploaded,gs://cv-urban-accessibility-bucket/streetview/polygon_4v/20260329T023321Z/004-0028_forward_40.9715167_29.0683126_304.3.jpg,40.9715167,29.0683126,vLC2FvoyKZqsJU82TJmSoQ,40.97148540923294,29.0683262888079,304.27,304.27
4,0028,street,backward,uploaded,gs://cv-urban-accessibility-bucket/streetview/polygon_4v/20260329T023321Z/004-0028_backward_40.9715167_29.0683126_124.3.jpg,40.9715167,29.0683126,vLC2FvoyKZqsJU82TJmSoQ,40.97148540923294,29.0683262888079,304.27,124.26999999999998
4,0029,junction,forward,uploaded,gs://cv-urban-accessibility-bucket/streetview/polygon_4v/20260329T023321Z/004-0029_forward_40.971654_29.0680457_304.3.jpg,40.971654,29.0680457,rbb35DL6o9msQZ9t9qrylQ,40.9716758676181,29.06802640981028,304.27,304.27
4,0029,junction,backward,uploaded,gs://cv-urban-accessibility-bucket/streetview/polygon_4v/20260329T023321Z/004-0029_backward_40.971654_29.0680457_124.3.jpg,40.971654,29.0680457,rbb35DL6o9msQZ9t9qrylQ,40.9716758676181,29.06802640981028,304.27,124.26999999999998
5,0030,junction,forward,uploaded,gs://cv-urban-accessibility-bucket/streetview/polygon_4v/20260329T023321Z/005-0030_forward_40.9707596_29.0697843_304.3.jpg,40.9707596,29.0697843,Lg4eNCISKPQbMJzAbhzRIw,40.97071967087123,29.06981804045829,304.27,304.27
5,0030,junction,backward,uploaded,gs://cv-urban-accessibility-bucket/streetview/polygon_4v/20260329T023321Z/005-0030_backward_40.9707596_29.0697843_124.3.jpg,40.9707596,29.0697843,Lg4eNCISKPQbMJzAbhzRIw,40.97071967087123,29.06981804045829,304.27,124.26999999999998
5,0031,street,forward,uploaded,gs://cv-urban-accessibility-bucket/streetview/polygon_4v/20260329T023321Z/005-0031_forward_40.9709113_29.0694894_304.3.jpg,40.9709113,29.0694894,kyymCPnTqNas7jGrnI6bnA,40.97087372499401,29.06951141761979,304.27,304.27
5,0031,street,backward,uploaded,gs://cv-urban-accessibility-bucket/streetview/polygon_4v/20260329T023321Z/005-0031_backward_40.9709113_29.0694894_124.3.jpg,40.9709113,29.0694894,kyymCPnTqNas7jGrnI6bnA,40.97087372499401,29.06951141761979,304.27,124.26999999999998
5,0032,street,forward,uploaded,gs://cv-urban-accessibility-bucket/streetview/polygon_4v/20260329T023321Z/005-0032_forward_40.971063_29.0691945_304.3.jpg,40.971063,29.0691945,yoKRdxVYj5at2l296QkqmA,40.9710649913339,29.06913768136328,304.27,304.27
5,0032,street,backward,uploaded,gs://cv-urban-accessibility-bucket/streetview/polygon_4v/20260329T023321Z/005-0032_backward_40.971063_29.0691945_124.3.jpg,40.971063,29.0691945,yoKRdxVYj5at2l296QkqmA,40.9710649913339,29.06913768136328,304.27,124.26999999999998
5,0033,junction,forward,uploaded,gs://cv-urban-accessibility-bucket/streetview/polygon_4v/20260329T023321Z/005-0033_forward_40.9712133_29.0689024_304.3.jpg,40.9712133,29.0689024,G_E_AsZJSQmVyV0oNUGbGw,40.97122056000153,29.06883762641369,304.27,304.27
5,0033,junction,backward,uploaded,gs://cv-urban-accessibility-bucket/streetview/polygon_4v/20260329T023321Z/005-0033_backward_40.9712133_29.0689024_124.3.jpg,40.9712133,29.0689024,G_E_AsZJSQmVyV0oNUGbGw,40.97122056000153,29.06883762641369,304.27,124.26999999999998
6,0034,street,forward,uploaded,gs://cv-urban-accessibility-bucket/streetview/polygon_4v/20260329T023321Z/006-0034_forward_40.9726198_29.0618044_33.1.jpg,40.9726198,29.0618044,Lo1z8Tdd-ZgeYEsRDMwkPQ,40.97260170654332,29.06182158754126,33.09,33.09
6,0034,street,backward,uploaded,gs://cv-urban-accessibility-bucket/streetview/polygon_4v/20260329T023321Z/006-0034_backward_40.9726198_29.0618044_213.1.jpg,40.9726198,29.0618044,Lo1z8Tdd-ZgeYEsRDMwkPQ,40.97260170654332,29.06182158754126,33.09,213.09
6,0035,junction,forward,uploaded,gs://cv-urban-accessibility-bucket/streetview/polygon_4v/20260329T023321Z/006-0035_forward_40.9727307_29.0619001_33.1.jpg,40.9727307,29.0619001,eAhfGpoHyqgwDOdMQcP2OA,40.9727412226862,29.06193921811208,33.09,33.09
6,0035,junction,backward,uploaded,gs://cv-urban-accessibility-bucket/streetview/polygon_4v/20260329T023321Z/006-0035_backward_40.9727307_29.0619001_213.1.jpg,40.9727307,29.0619001,eAhfGpoHyqgwDOdMQcP2OA,40.9727412226862,29.06193921811208,33.09,213.09
7,0036,junction,forward,uploaded,gs://cv-urban-accessibility-bucket/streetview/polygon_4v/20260329T023321Z/007-0036_forward_40.9693581_29.0684932_301.7.jpg,40.9693581,29.0684932,19BebhifjPxCHqEkXqDKeQ,40.96941061151269,29.06848803502068,301.66,301.66
7,0036,junction,backward,uploaded,gs://cv-urban-accessibility-bucket/streetview/polygon_4v/20260329T023321Z/007-0036_backward_40.9693581_29.0684932_121.7.jpg,40.9693581,29.0684932,19BebhifjPxCHqEkXqDKeQ,40.96941061151269,29.06848803502068,301.66,121.66000000000003
7,0037,street,forward,uploaded,gs://cv-urban-accessibility-bucket/streetview/polygon_4v/20260329T023321Z/007-0037_forward_40.9694995_29.0681895_301.7.jpg,40.9694995,29.0681895,5yau036MOk4uBsixyQGAMQ,40.96947769228442,29.06811678193262,301.66,301.66
7,0037,street,backward,uploaded,gs://cv-urban-accessibility-bucket/streetview/polygon_4v/20260329T023321Z/007-0037_backward_40.9694995_29.0681895_121.7.jpg,40.9694995,29.0681895,5yau036MOk4uBsixyQGAMQ,40.96947769228442,29.06811678193262,301.66,121.66000000000003
7,0038,street,forward,uploaded,gs://cv-urban-accessibility-bucket/streetview/polygon_4v/20260329T023321Z/007-0038_forward_40.9696409_29.0678858_301.7.jpg,40.9696409,29.0678858,P5HMPwzQKdLLIqYRundPIw,40.96962884785798,29.06780474043865,301.66,301.66
7,0038,street,backward,uploaded,gs://cv-urban-accessibility-bucket/streetview/polygon_4v/20260329T023321Z/007-0038_backward_40.9696409_29.0678858_121.7.jpg,40.9696409,29.0678858,P5HMPwzQKdLLIqYRundPIw,40.96962884785798,29.06780474043865,301.66,121.66000000000003
7,0039,junction,forward,uploaded,gs://cv-urban-accessibility-bucket/streetview/polygon_4v/20260329T023321Z/007-0039_forward_40.9697715_29.0676053_301.7.jpg,40.9697715,29.0676053,-gP8Cos0LOZ2R0VUnUECVw,40.96972939680204,29.06759434510228,301.66,301.66
7,0039,junction,backward,uploaded,gs://cv-urban-accessibility-bucket/streetview/polygon_4v/20260329T023321Z/007-0039_backward_40.9697715_29.0676053_121.7.jpg,40.9697715,29.0676053,-gP8Cos0LOZ2R0VUnUECVw,40.96972939680204,29.06759434510228,301.66,121.66000000000003
8,0040,junction,forward,uploaded,gs://cv-urban-accessibility-bucket/streetview/polygon_4v/20260329T023321Z/008-0040_forward_40.9697715_29.0676053_301.6.jpg,40.9697715,29.0676053,-gP8Cos0LOZ2R0VUnUECVw,40.96972939680204,29.06759434510228,301.65,301.65
8,0040,junction,backward,uploaded,gs://cv-urban-accessibility-bucket/streetview/polygon_4v/20260329T023321Z/008-0040_backward_40.9697715_29.0676053_121.6.jpg,40.9697715,29.0676053,-gP8Cos0LOZ2R0VUnUECVw,40.96972939680204,29.06759434510228,301.65,121.64999999999998
8,0041,street,forward,uploaded,gs://cv-urban-accessibility-bucket/streetview/polygon_4v/20260329T023321Z/008-0041_forward_40.9699129_29.0673016_301.6.jpg,40.9699129,29.0673016,lvdNRI0dRmMTxwPFmtZ8Lw,40.9698781765092,29.06729632893293,301.65,301.65
8,0041,street,backward,uploaded,gs://cv-urban-accessibility-bucket/streetview/polygon_4v/20260329T023321Z/008-0041_backward_40.9699129_29.0673016_121.6.jpg,40.9699129,29.0673016,lvdNRI0dRmMTxwPFmtZ8Lw,40.9698781765092,29.06729632893293,301.65,121.64999999999998
8,0042,street,forward,uploaded,gs://cv-urban-accessibility-bucket/streetview/polygon_4v/20260329T023321Z/008-0042_forward_40.9700543_29.0669979_301.6.jpg,40.9700543,29.0669979,MmcfbCGhcJzKgMslpgpptA,40.97002365862988,29.06700772231106,301.65,301.65
8,0042,street,backward,uploaded,gs://cv-urban-accessibility-bucket/streetview/polygon_4v/20260329T023321Z/008-0042_backward_40.9700543_29.0669979_121.6.jpg,40.9700543,29.0669979,MmcfbCGhcJzKgMslpgpptA,40.97002365862988,29.06700772231106,301.65,121.64999999999998
8,0043,junction,forward,uploaded,gs://cv-urban-accessibility-bucket/streetview/polygon_4v/20260329T023321Z/008-0043_forward_40.9701952_29.0666951_301.6.jpg,40.9701952,29.0666951,7nsZjg8drxIFC0spv_w_Aw,40.97022684120452,29.06670118259728,301.65,301.65
8,0043,junction,backward,uploaded,gs://cv-urban-accessibility-bucket/streetview/polygon_4v/20260329T023321Z/008-0043_backward_40.9701952_29.0666951_121.6.jpg,40.9701952,29.0666951,7nsZjg8drxIFC0spv_w_Aw,40.97022684120452,29.06670118259728,301.65,121.64999999999998
9,0044,junction,forward,uploaded,gs://cv-urban-accessibility-bucket/streetview/polygon_4v/20260329T023321Z/009-0044_forward_40.9701952_29.0666951_303.7.jpg,40.9701952,29.0666951,7nsZjg8drxIFC0spv_w_Aw,40.97022684120452,29.06670118259728,303.74,303.74
9,0044,junction,backward,uploaded,gs://cv-urban-accessibility-bucket/streetview/polygon_4v/20260329T023321Z/009-0044_backward_40.9701952_29.0666951_123.7.jpg,40.9701952,29.0666951,7nsZjg8drxIFC0spv_w_Aw,40.97022684120452,29.06670118259728,303.74,123.74000000000001
9,0045,street,forward,uploaded,gs://cv-urban-accessibility-bucket/streetview/polygon_4v/20260329T023321Z/009-0045_forward_40.9703448_29.0663984_303.7.jpg,40.9703448,29.0663984,R_gp9yrhi2A7Jbp8gZ1EkA,40.97033878400232,29.06637919538836,303.74,303.74
9,0045,street,backward,uploaded,gs://cv-urban-accessibility-bucket/streetview/polygon_4v/20260329T023321Z/009-0045_backward_40.9703448_29.0663984_123.7.jpg,40.9703448,29.0663984,R_gp9yrhi2A7Jbp8gZ1EkA,40.97033878400232,29.06637919538836,303.74,123.74000000000001
9,0046,street,forward,uploaded,gs://cv-urban-accessibility-bucket/streetview/polygon_4v/20260329T023321Z/009-0046_forward_40.9704945_29.0661016_303.7.jpg,40.9704945,29.0661016,BEe4A_Vku6OmnCIy2SFftw,40.97049495036234,29.06607025747707,303.74,303.74
9,0046,street,backward,uploaded,gs://cv-urban-accessibility-bucket/streetview/polygon_4v/20260329T023321Z/009-0046_backward_40.9704945_29.0661016_123.7.jpg,40.9704945,29.0661016,BEe4A_Vku6OmnCIy2SFftw,40.97049495036234,29.06607025747707,303.74,123.74000000000001
9,0047,street,forward,uploaded,gs://cv-urban-accessibility-bucket/streetview/polygon_4v/20260329T023321Z/009-0047_forward_40.9706441_29.0658049_303.7.jpg,40.9706441,29.0658049,BBx4LEITGPqNNz_ldRHUpw,40.97065780039917,29.06575759036778,303.74,303.74
9,0047,street,backward,uploaded,gs://cv-urban-accessibility-bucket/streetview/polygon_4v/20260329T023321Z/009-0047_backward_40.9706441_29.0658049_123.7.jpg,40.9706441,29.0658049,BBx4LEITGPqNNz_ldRHUpw,40.97065780039917,29.06575759036778,303.74,123.74000000000001
9,0048,street,forward,uploaded,gs://cv-urban-accessibility-bucket/streetview/polygon_4v/20260329T023321Z/009-0048_forward_40.9707938_29.0655081_303.7.jpg,40.9707938,29.0655081,MjH2W65DO1spLJBXzixwBQ,40.97077236930711,29.06554275342496,303.74,303.74
9,0048,street,backward,uploaded,gs://cv-urban-accessibility-bucket/streetview/polygon_4v/20260329T023321Z/009-0048_backward_40.9707938_29.0655081_123.7.jpg,40.9707938,29.0655081,MjH2W65DO1spLJBXzixwBQ,40.97077236930711,29.06554275342496,303.74,123.74000000000001
9,0049,street,forward,uploaded,gs://cv-urban-accessibility-bucket/streetview/polygon_4v/20260329T023321Z/009-0049_forward_40.9709434_29.0652114_303.7.jpg,40.9709434,29.0652114,JtTgUK3aavMRbDv0NEz6cA,40.97093400236879,29.06524375671343,303.74,303.74
9,0049,street,backward,uploaded,gs://cv-urban-accessibility-bucket/streetview/polygon_4v/20260329T023321Z/009-0049_backward_40.9709434_29.0652114_123.7.jpg,40.9709434,29.0652114,JtTgUK3aavMRbDv0NEz6cA,40.97093400236879,29.06524375671343,303.74,123.74000000000001
9,0050,street,forward,uploaded,gs://cv-urban-accessibility-bucket/streetview/polygon_4v/20260329T023321Z/009-0050_forward_40.9710931_29.0649146_303.7.jpg,40.9710931,29.0649146,5wGPmQ_VEUDBjf9xIyJlrg,40.97109937636811,29.0649381012153,303.74,303.74
9,0050,street,backward,uploaded,gs://cv-urban-accessibility-bucket/streetview/polygon_4v/20260329T023321Z/009-0050_backward_40.9710931_29.0649146_123.7.jpg,40.9710931,29.0649146,5wGPmQ_VEUDBjf9xIyJlrg,40.97109937636811,29.0649381012153,303.74,123.74000000000001
9,0051,street,forward,uploaded,gs://cv-urban-accessibility-bucket/streetview/polygon_4v/20260329T023321Z/009-0051_forward_40.9712427_29.0646179_303.7.jpg,40.9712427,29.0646179,FNyoq-BWK8viKGuxhNLApw,40.97128070832828,29.0646081204273,303.74,303.74
9,0051,street,backward,uploaded,gs://cv-urban-accessibility-bucket/streetview/polygon_4v/20260329T023321Z/009-0051_backward_40.9712427_29.0646179_123.7.jpg,40.9712427,29.0646179,FNyoq-BWK8viKGuxhNLApw,40.97128070832828,29.0646081204273,303.74,123.74000000000001
9,0052,street,forward,uploaded,gs://cv-urban-accessibility-bucket/streetview/polygon_4v/20260329T023321Z/009-0052_forward_40.9713923_29.0643211_303.7.jpg,40.9713923,29.0643211,CkSMOeoj73NPS48DaiR2bA,40.9714435787734,29.06431258416286,303.74,303.74
9,0052,street,backward,uploaded,gs://cv-urban-accessibility-bucket/streetview/polygon_4v/20260329T023321Z/009-0052_backward_40.9713923_29.0643211_123.7.jpg,40.9713923,29.0643211,CkSMOeoj73NPS48DaiR2bA,40.9714435787734,29.06431258416286,303.74,123.74000000000001
9,0053,street,forward,uploaded,gs://cv-urban-accessibility-bucket/streetview/polygon_4v/20260329T023321Z/009-0053_forward_40.971542_29.0640244_303.7.jpg,40.971542,29.0640244,CmmSkskjcGmuGi-zEz-Gvg,40.97160222574973,29.06402468210883,303.74,303.74
9,0053,street,backward,uploaded,gs://cv-urban-accessibility-bucket/streetview/polygon_4v/20260329T023321Z/009-0053_backward_40.971542_29.0640244_123.7.jpg,40.971542,29.0640244,CmmSkskjcGmuGi-zEz-Gvg,40.97160222574973,29.06402468210883,303.74,123.74000000000001
9,0054,junction,forward,uploaded,gs://cv-urban-accessibility-bucket/streetview/polygon_4v/20260329T023321Z/009-0054_forward_40.9716832_29.0637443_303.7.jpg,40.9716832,29.0637443,CAoSFkNJSE0wb2dLRUlDQWdJQ244djZITHc.,40.97169406651467,29.06374281632774,303.74,303.74
9,0054,junction,backward,uploaded,gs://cv-urban-accessibility-bucket/streetview/polygon_4v/20260329T023321Z/009-0054_backward_40.9716832_29.0637443_123.7.jpg,40.9716832,29.0637443,CAoSFkNJSE0wb2dLRUlDQWdJQ244djZITHc.,40.97169406651467,29.06374281632774,303.74,123.74000000000001
10,0055,junction,forward,uploaded,gs://cv-urban-accessibility-bucket/streetview/polygon_4v/20260329T023321Z/010-0055_forward_40.9716832_29.0637443_35.6.jpg,40.9716832,29.0637443,CAoSFkNJSE0wb2dLRUlDQWdJQ244djZITHc.,40.97169406651467,29.06374281632774,35.61,35.61
10,0055,junction,backward,uploaded,gs://cv-urban-accessibility-bucket/streetview/polygon_4v/20260329T023321Z/010-0055_backward_40.9716832_29.0637443_215.6.jpg,40.9716832,29.0637443,CAoSFkNJSE0wb2dLRUlDQWdJQ244djZITHc.,40.97169406651467,29.06374281632774,35.61,215.61
10,0056,street,forward,uploaded,gs://cv-urban-accessibility-bucket/streetview/polygon_4v/20260329T023321Z/010-0056_forward_40.9719025_29.0639524_35.6.jpg,40.9719025,29.0639524,da7QBK7g1FYFOJRadL9WsQ,40.97190461423751,29.06391282362494,35.61,35.61
10,0056,street,backward,uploaded,gs://cv-urban-accessibility-bucket/streetview/polygon_4v/20260329T023321Z/010-0056_backward_40.9719025_29.0639524_215.6.jpg,40.9719025,29.0639524,da7QBK7g1FYFOJRadL9WsQ,40.97190461423751,29.06391282362494,35.61,215.61
10,0057,street,forward,uploaded,gs://cv-urban-accessibility-bucket/streetview/polygon_4v/20260329T023321Z/010-0057_forward_40.9721219_29.0641604_35.6.jpg,40.9721219,29.0641604,MX1Z3sCFogLNMwKzCzde6w,40.97212872731314,29.06411629947265,35.61,35.61
10,0057,street,backward,uploaded,gs://cv-urban-accessibility-bucket/streetview/polygon_4v/20260329T023321Z/010-0057_backward_40.9721219_29.0641604_215.6.jpg,40.9721219,29.0641604,MX1Z3sCFogLNMwKzCzde6w,40.97212872731314,29.06411629947265,35.61,215.61
10,0058,street,forward,uploaded,gs://cv-urban-accessibility-bucket/streetview/polygon_4v/20260329T023321Z/010-0058_forward_40.9723412_29.0643685_35.6.jpg,40.9723412,29.0643685,qpRUN9O3psuSiweEAYftmQ,40.97235481793204,29.06432234956374,35.61,35.61
10,0058,street,backward,uploaded,gs://cv-urban-accessibility-bucket/streetview/polygon_4v/20260329T023321Z/010-0058_backward_40.9723412_29.0643685_215.6.jpg,40.9723412,29.0643685,qpRUN9O3psuSiweEAYftmQ,40.97235481793204,29.06432234956374,35.61,215.61
10,0059,junction,forward,uploaded,gs://cv-urban-accessibility-bucket/streetview/polygon_4v/20260329T023321Z/010-0059_forward_40.9724914_29.0645109_35.6.jpg,40.9724914,29.0645109,arDy2d8YGZiyas_dNSZTSg,40.97250593654166,29.06446385902999,35.61,35.61
10,0059,junction,backward,uploaded,gs://cv-urban-accessibility-bucket/streetview/polygon_4v/20260329T023321Z/010-0059_backward_40.9724914_29.0645109_215.6.jpg,40.9724914,29.0645109,arDy2d8YGZiyas_dNSZTSg,40.97250593654166,29.06446385902999,35.61,215.61
11,0060,junction,forward,uploaded,gs://cv-urban-accessibility-bucket/streetview/polygon_4v/20260329T023321Z/011-0060_forward_40.9716832_29.0637443_306.9.jpg,40.9716832,29.0637443,CAoSFkNJSE0wb2dLRUlDQWdJQ244djZITHc.,40.97169406651467,29.06374281632774,306.95,306.95
11,0060,junction,backward,uploaded,gs://cv-urban-accessibility-bucket/streetview/polygon_4v/20260329T023321Z/011-0060_backward_40.9716832_29.0637443_126.9.jpg,40.9716832,29.0637443,CAoSFkNJSE0wb2dLRUlDQWdJQ244djZITHc.,40.97169406651467,29.06374281632774,306.95,126.94999999999999
11,0061,street,forward,uploaded,gs://cv-urban-accessibility-bucket/streetview/polygon_4v/20260329T023321Z/011-0061_forward_40.9718452_29.0634591_306.9.jpg,40.9718452,29.0634591,E94s2vdr2wBD9zZhtw8DJw,40.97186351033632,29.06353880732108,306.95,306.95
11,0061,street,backward,uploaded,gs://cv-urban-accessibility-bucket/streetview/polygon_4v/20260329T023321Z/011-0061_backward_40.9718452_29.0634591_126.9.jpg,40.9718452,29.0634591,E94s2vdr2wBD9zZhtw8DJw,40.97186351033632,29.06353880732108,306.95,126.94999999999999
11,0062,street,forward,uploaded,gs://cv-urban-accessibility-bucket/streetview/polygon_4v/20260329T023321Z/011-0062_forward_40.9720072_29.0631738_306.9.jpg,40.9720072,29.0631738,a4kWClPVZBd-cZqVLxjIEg,40.97201771889,29.06324389042467,306.95,306.95
11,0062,street,backward,uploaded,gs://cv-urban-accessibility-bucket/streetview/polygon_4v/20260329T023321Z/011-0062_backward_40.9720072_29.0631738_126.9.jpg,40.9720072,29.0631738,a4kWClPVZBd-cZqVLxjIEg,40.97201771889,29.06324389042467,306.95,126.94999999999999
11,0063,street,forward,uploaded,gs://cv-urban-accessibility-bucket/streetview/polygon_4v/20260329T023321Z/011-0063_forward_40.9721692_29.0628886_306.9.jpg,40.9721692,29.0628886,2mSSDSYNc91EwQ_Hy38YMA,40.97217031810113,29.06295199138202,306.95,306.95
11,0063,street,backward,uploaded,gs://cv-urban-accessibility-bucket/streetview/polygon_4v/20260329T023321Z/011-0063_backward_40.9721692_29.0628886_126.9.jpg,40.9721692,29.0628886,2mSSDSYNc91EwQ_Hy38YMA,40.97217031810113,29.06295199138202,306.95,126.94999999999999
11,0064,street,forward,uploaded,gs://cv-urban-accessibility-bucket/streetview/polygon_4v/20260329T023321Z/011-0064_forward_40.9723312_29.0626034_306.9.jpg,40.9723312,29.0626034,1ITXDXAywxw6mvpUXbU_5A,40.97232502776348,29.06265627435559,306.95,306.95
11,0064,street,backward,uploaded,gs://cv-urban-accessibility-bucket/streetview/polygon_4v/20260329T023321Z/011-0064_backward_40.9723312_29.0626034_126.9.jpg,40.9723312,29.0626034,1ITXDXAywxw6mvpUXbU_5A,40.97232502776348,29.06265627435559,306.95,126.94999999999999
11,0065,street,forward,uploaded,gs://cv-urban-accessibility-bucket/streetview/polygon_4v/20260329T023321Z/011-0065_forward_40.9724932_29.0623182_306.9.jpg,40.9724932,29.0623182,R7plbSZWmJ7u-tUF7H8iTw,40.97248643270893,29.06235807098589,306.95,306.95
11,0065,street,backward,uploaded,gs://cv-urban-accessibility-bucket/streetview/polygon_4v/20260329T023321Z/011-0065_backward_40.9724932_29.0623182_126.9.jpg,40.9724932,29.0623182,R7plbSZWmJ7u-tUF7H8iTw,40.97248643270893,29.06235807098589,306.95,126.94999999999999
11,0066,street,forward,uploaded,gs://cv-urban-accessibility-bucket/streetview/polygon_4v/20260329T023321Z/011-0066_forward_40.9726552_29.0620329_307.0.jpg,40.9726552,29.0620329,iDUrdrG7Ev2Ay6hgHOYXzA,40.97265676317173,29.06204850348947,306.96,306.96
11,0066,street,backward,uploaded,gs://cv-urban-accessibility-bucket/streetview/polygon_4v/20260329T023321Z/011-0066_backward_40.9726552_29.0620329_127.0.jpg,40.9726552,29.0620329,iDUrdrG7Ev2Ay6hgHOYXzA,40.97265676317173,29.06204850348947,306.96,126.95999999999998
11,0067,junction,forward,uploaded,gs://cv-urban-accessibility-bucket/streetview/polygon_4v/20260329T023321Z/011-0067_forward_40.9727307_29.0619001_307.0.jpg,40.9727307,29.0619001,eAhfGpoHyqgwDOdMQcP2OA,40.9727412226862,29.06193921811208,306.96,306.96
11,0067,junction,backward,uploaded,gs://cv-urban-accessibility-bucket/streetview/polygon_4v/20260329T023321Z/011-0067_backward_40.9727307_29.0619001_127.0.jpg,40.9727307,29.0619001,eAhfGpoHyqgwDOdMQcP2OA,40.9727412226862,29.06193921811208,306.96,126.95999999999998
12,0068,junction,forward,uploaded,gs://cv-urban-accessibility-bucket/streetview/polygon_4v/20260329T023321Z/012-0068_forward_40.9709341_29.0673879_34.6.jpg,40.9709341,29.0673879,CCs7tahHtZokRrnmK99wkg,40.97089117754979,29.06731648077447,34.6,34.6
12,0068,junction,backward,uploaded,gs://cv-urban-accessibility-bucket/streetview/polygon_4v/20260329T023321Z/012-0068_backward_40.9709341_29.0673879_214.6.jpg,40.9709341,29.0673879,CCs7tahHtZokRrnmK99wkg,40.97089117754979,29.06731648077447,34.6,214.6
12,0069,street,forward,uploaded,gs://cv-urban-accessibility-bucket/streetview/polygon_4v/20260329T023321Z/012-0069_forward_40.9711562_29.0675908_34.6.jpg,40.9711562,29.0675908,rpALPcEgjD1yIu9sxv7FGQ,40.97118690342327,29.06758457991084,34.6,34.6
12,0069,street,backward,uploaded,gs://cv-urban-accessibility-bucket/streetview/polygon_4v/20260329T023321Z/012-0069_backward_40.9711562_29.0675908_214.6.jpg,40.9711562,29.0675908,rpALPcEgjD1yIu9sxv7FGQ,40.97118690342327,29.06758457991084,34.6,214.6
12,0070,street,forward,uploaded,gs://cv-urban-accessibility-bucket/streetview/polygon_4v/20260329T023321Z/012-0070_forward_40.9713783_29.0677938_34.6.jpg,40.9713783,29.0677938,UZ-AEsedxpH21lRu8s7w0Q,40.97141078551496,29.06778654169739,34.6,34.6
12,0070,street,backward,uploaded,gs://cv-urban-accessibility-bucket/streetview/polygon_4v/20260329T023321Z/012-0070_backward_40.9713783_29.0677938_214.6.jpg,40.9713783,29.0677938,UZ-AEsedxpH21lRu8s7w0Q,40.97141078551496,29.06778654169739,34.6,214.6
12,0071,street,forward,uploaded,gs://cv-urban-accessibility-bucket/streetview/polygon_4v/20260329T023321Z/012-0071_forward_40.9716004_29.0679967_34.6.jpg,40.9716004,29.0679967,bHtFCMwgv4u3dVbL6dZhpQ,40.97159270764056,29.06795077416182,34.6,34.6
12,0071,street,backward,uploaded,gs://cv-urban-accessibility-bucket/streetview/polygon_4v/20260329T023321Z/012-0071_backward_40.9716004_29.0679967_214.6.jpg,40.9716004,29.0679967,bHtFCMwgv4u3dVbL6dZhpQ,40.97159270764056,29.06795077416182,34.6,214.6
12,0072,junction,forward,uploaded,gs://cv-urban-accessibility-bucket/streetview/polygon_4v/20260329T023321Z/012-0072_forward_40.971654_29.0680457_34.6.jpg,40.971654,29.0680457,rbb35DL6o9msQZ9t9qrylQ,40.9716758676181,29.06802640981028,34.6,34.6
12,0072,junction,backward,uploaded,gs://cv-urban-accessibility-bucket/streetview/polygon_4v/20260329T023321Z/012-0072_backward_40.971654_29.0680457_214.6.jpg,40.971654,29.0680457,rbb35DL6o9msQZ9t9qrylQ,40.9716758676181,29.06802640981028,34.6,214.6
13,0073,junction,forward,uploaded,gs://cv-urban-accessibility-bucket/streetview/polygon_4v/20260329T023321Z/013-0073_forward_40.971654_29.0680457_305.0.jpg,40.971654,29.0680457,rbb35DL6o9msQZ9t9qrylQ,40.9716758676181,29.06802640981028,304.98,304.98
13,0073,junction,backward,uploaded,gs://cv-urban-accessibility-bucket/streetview/polygon_4v/20260329T023321Z/013-0073_backward_40.971654_29.0680457_125.0.jpg,40.971654,29.0680457,rbb35DL6o9msQZ9t9qrylQ,40.9716758676181,29.06802640981028,304.98,124.98000000000002
13,0074,street,forward,uploaded,gs://cv-urban-accessibility-bucket/streetview/polygon_4v/20260329T023321Z/013-0074_forward_40.9718085_29.0677533_305.0.jpg,40.9718085,29.0677533,RGe1XoQJT4zmZ__pr9gceQ,40.971775550716,29.06777109495921,304.98,304.98
13,0074,street,backward,uploaded,gs://cv-urban-accessibility-bucket/streetview/polygon_4v/20260329T023321Z/013-0074_backward_40.9718085_29.0677533_125.0.jpg,40.9718085,29.0677533,RGe1XoQJT4zmZ__pr9gceQ,40.971775550716,29.06777109495921,304.98,124.98000000000002
13,0075,street,forward,uploaded,gs://cv-urban-accessibility-bucket/streetview/polygon_4v/20260329T023321Z/013-0075_forward_40.9719629_29.0674609_305.0.jpg,40.9719629,29.0674609,qc1uZAEXCEcYbtZlii5wWw,40.97193831154902,29.06746313638692,304.97,304.97
13,0075,street,backward,uploaded,gs://cv-urban-accessibility-bucket/streetview/polygon_4v/20260329T023321Z/013-0075_backward_40.9719629_29.0674609_125.0.jpg,40.9719629,29.0674609,qc1uZAEXCEcYbtZlii5wWw,40.97193831154902,29.06746313638692,304.97,124.97000000000003
13,0076,street,forward,uploaded,gs://cv-urban-accessibility-bucket/streetview/polygon_4v/20260329T023321Z/013-0076_forward_40.9721174_29.0671684_305.0.jpg,40.9721174,29.0671684,NC6_F4Kgx8SUwrZEW3zYiw,40.97209782981426,29.06716130264844,304.97,304.97
13,0076,street,backward,uploaded,gs://cv-urban-accessibility-bucket/streetview/polygon_4v/20260329T023321Z/013-0076_backward_40.9721174_29.0671684_125.0.jpg,40.9721174,29.0671684,NC6_F4Kgx8SUwrZEW3zYiw,40.97209782981426,29.06716130264844,304.97,124.97000000000003
13,0077,street,forward,uploaded,gs://cv-urban-accessibility-bucket/streetview/polygon_4v/20260329T023321Z/013-0077_forward_40.9722718_29.066876_305.0.jpg,40.9722718,29.066876,jV7nkB3WEshX-gCZyvTRMA,40.97225744236923,29.06685937953779,304.97,304.97
13,0077,street,backward,uploaded,gs://cv-urban-accessibility-bucket/streetview/polygon_4v/20260329T023321Z/013-0077_backward_40.9722718_29.066876_125.0.jpg,40.9722718,29.066876,jV7nkB3WEshX-gCZyvTRMA,40.97225744236923,29.06685937953779,304.97,124.97000000000003
13,0078,street,forward,uploaded,gs://cv-urban-accessibility-bucket/streetview/polygon_4v/20260329T023321Z/013-0078_forward_40.9724263_29.0665836_305.0.jpg,40.9724263,29.0665836,ZT4AbMDLGo-62tri-4I4vQ,40.97241472537675,29.0665618058078,304.97,304.97
13,0078,street,backward,uploaded,gs://cv-urban-accessibility-bucket/streetview/polygon_4v/20260329T023321Z/013-0078_backward_40.9724263_29.0665836_125.0.jpg,40.9724263,29.0665836,ZT4AbMDLGo-62tri-4I4vQ,40.97241472537675,29.0665618058078,304.97,124.97000000000003
13,0079,street,forward,uploaded,gs://cv-urban-accessibility-bucket/streetview/polygon_4v/20260329T023321Z/013-0079_forward_40.9725807_29.0662911_305.1.jpg,40.9725807,29.0662911,Vml6nxZOSU0PM0sBN-4y9w,40.97257424104613,29.06625997028581,305.08,305.08
13,0079,street,backward,uploaded,gs://cv-urban-accessibility-bucket/streetview/polygon_4v/20260329T023321Z/013-0079_backward_40.9725807_29.0662911_125.1.jpg,40.9725807,29.0662911,Vml6nxZOSU0PM0sBN-4y9w,40.97257424104613,29.06625997028581,305.08,125.07999999999998
13,0080,street,forward,uploaded,gs://cv-urban-accessibility-bucket/streetview/polygon_4v/20260329T023321Z/013-0080_forward_40.9727356_29.0659991_306.8.jpg,40.9727356,29.0659991,7Pl2zVlJ0ac3a1WBz7RwZg,40.97273423419048,29.06595742396326,306.8,306.8
13,0080,street,backward,uploaded,gs://cv-urban-accessibility-bucket/streetview/polygon_4v/20260329T023321Z/013-0080_backward_40.9727356_29.0659991_126.8.jpg,40.9727356,29.0659991,7Pl2zVlJ0ac3a1WBz7RwZg,40.97273423419048,29.06595742396326,306.8,126.80000000000001
13,0081,street,forward,uploaded,gs://cv-urban-accessibility-bucket/streetview/polygon_4v/20260329T023321Z/013-0081_forward_40.972897_29.0657133_303.1.jpg,40.972897,29.0657133,CPnZjIwY-ULsmMdCemRLnA,40.97289240348967,29.0656630443951,303.13,303.13
13,0081,street,backward,uploaded,gs://cv-urban-accessibility-bucket/streetview/polygon_4v/20260329T023321Z/013-0081_backward_40.972897_29.0657133_123.1.jpg,40.972897,29.0657133,CPnZjIwY-ULsmMdCemRLnA,40.97289240348967,29.0656630443951,303.13,123.13
13,0082,street,forward,uploaded,gs://cv-urban-accessibility-bucket/streetview/polygon_4v/20260329T023321Z/013-0082_forward_40.9730437_29.0654155_305.0.jpg,40.9730437,29.0654155,-F3qOJcV-sAbLUHWrnqpUQ,40.97304080899236,29.06539103574878,305.02,305.02
13,0082,street,backward,uploaded,gs://cv-urban-accessibility-bucket/streetview/polygon_4v/20260329T023321Z/013-0082_backward_40.9730437_29.0654155_125.0.jpg,40.9730437,29.0654155,-F3qOJcV-sAbLUHWrnqpUQ,40.97304080899236,29.06539103574878,305.02,125.01999999999998
13,0083,junction,forward,uploaded,gs://cv-urban-accessibility-bucket/streetview/polygon_4v/20260329T023321Z/013-0083_forward_40.973189_29.0651409_305.0.jpg,40.973189,29.0651409,2l_H42bGyvMftcyY_wmeIw,40.97317522965971,29.06509967346894,305.02,305.02
13,0083,junction,backward,uploaded,gs://cv-urban-accessibility-bucket/streetview/polygon_4v/20260329T023321Z/013-0083_backward_40.973189_29.0651409_125.0.jpg,40.973189,29.0651409,2l_H42bGyvMftcyY_wmeIw,40.97317522965971,29.06509967346894,305.02,125.01999999999998
14,0084,junction,forward,uploaded,gs://cv-urban-accessibility-bucket/streetview/polygon_4v/20260329T023321Z/014-0084_forward_40.9701952_29.0666951_35.3.jpg,40.9701952,29.0666951,7nsZjg8drxIFC0spv_w_Aw,40.97022684120452,29.06670118259728,35.3,35.3
14,0084,junction,backward,uploaded,gs://cv-urban-accessibility-bucket/streetview/polygon_4v/20260329T023321Z/014-0084_backward_40.9701952_29.0666951_215.3.jpg,40.9701952,29.0666951,7nsZjg8drxIFC0spv_w_Aw,40.97022684120452,29.06670118259728,35.3,215.3
14,0085,street,forward,uploaded,gs://cv-urban-accessibility-bucket/streetview/polygon_4v/20260329T023321Z/014-0085_forward_40.9704154_29.0669016_35.3.jpg,40.9704154,29.0669016,7MboXO_6YXTeDm4b5WMiEg,40.97044768874756,29.06690572002464,35.3,35.3
14,0085,street,backward,uploaded,gs://cv-urban-accessibility-bucket/streetview/polygon_4v/20260329T023321Z/014-0085_backward_40.9704154_29.0669016_215.3.jpg,40.9704154,29.0669016,7MboXO_6YXTeDm4b5WMiEg,40.97044768874756,29.06690572002464,35.3,215.3
14,0086,street,forward,uploaded,gs://cv-urban-accessibility-bucket/streetview/polygon_4v/20260329T023321Z/014-0086_forward_40.9706356_29.067108_35.3.jpg,40.9706356,29.067108,b8L2KStNVcpYtv6brMQGpQ,40.97066565996221,29.06710759393532,35.3,35.3
14,0086,street,backward,uploaded,gs://cv-urban-accessibility-bucket/streetview/polygon_4v/20260329T023321Z/014-0086_backward_40.9706356_29.067108_215.3.jpg,40.9706356,29.067108,b8L2KStNVcpYtv6brMQGpQ,40.97066565996221,29.06710759393532,35.3,215.3
14,0087,street,forward,uploaded,gs://cv-urban-accessibility-bucket/streetview/polygon_4v/20260329T023321Z/014-0087_forward_40.9708558_29.0673145_35.3.jpg,40.9708558,29.0673145,CAoSF0NJSE0wb2dLRUlDQWdJQ0czNHpxa2dF,40.97087243618252,29.06731621445059,35.3,35.3
14,0087,street,backward,uploaded,gs://cv-urban-accessibility-bucket/streetview/polygon_4v/20260329T023321Z/014-0087_backward_40.9708558_29.0673145_215.3.jpg,40.9708558,29.0673145,CAoSF0NJSE0wb2dLRUlDQWdJQ0czNHpxa2dF,40.97087243618252,29.06731621445059,35.3,215.3
14,0088,junction,forward,uploaded,gs://cv-urban-accessibility-bucket/streetview/polygon_4v/20260329T023321Z/014-0088_forward_40.9709341_29.0673879_35.3.jpg,40.9709341,29.0673879,CCs7tahHtZokRrnmK99wkg,40.97089117754979,29.06731648077447,35.3,35.3
14,0088,junction,backward,uploaded,gs://cv-urban-accessibility-bucket/streetview/polygon_4v/20260329T023321Z/014-0088_backward_40.9709341_29.0673879_215.3.jpg,40.9709341,29.0673879,CCs7tahHtZokRrnmK99wkg,40.97089117754979,29.06731648077447,35.3,215.3
15,0089,junction,forward,uploaded,gs://cv-urban-accessibility-bucket/streetview/polygon_4v/20260329T023321Z/015-0089_forward_40.973189_29.0651409_303.2.jpg,40.973189,29.0651409,2l_H42bGyvMftcyY_wmeIw,40.97317522965971,29.06509967346894,303.24,303.24
15,0089,junction,backward,uploaded,gs://cv-urban-accessibility-bucket/streetview/polygon_4v/20260329T023321Z/015-0089_backward_40.973189_29.0651409_123.2.jpg,40.973189,29.0651409,2l_H42bGyvMftcyY_wmeIw,40.97317522965971,29.06509967346894,303.24,123.24000000000001
15,0090,street,forward,uploaded,gs://cv-urban-accessibility-bucket/streetview/polygon_4v/20260329T023321Z/015-0090_forward_40.9733367_29.0648424_303.2.jpg,40.9733367,29.0648424,pPnOuViCrqt2Swo4JU2F2w,40.97334258019544,29.06482615462494,303.23,303.23
15,0090,street,backward,uploaded,gs://cv-urban-accessibility-bucket/streetview/polygon_4v/20260329T023321Z/015-0090_backward_40.9733367_29.0648424_123.2.jpg,40.9733367,29.0648424,pPnOuViCrqt2Swo4JU2F2w,40.97334258019544,29.06482615462494,303.23,123.23000000000002
15,0091,street,forward,uploaded,gs://cv-urban-accessibility-bucket/streetview/polygon_4v/20260329T023321Z/015-0091_forward_40.9734843_29.0645439_303.2.jpg,40.9734843,29.0645439,YR-tOUuPIudfP9KyxjKStw,40.9735017601641,29.06452191871029,303.21,303.21
15,0091,street,backward,uploaded,gs://cv-urban-accessibility-bucket/streetview/polygon_4v/20260329T023321Z/015-0091_backward_40.9734843_29.0645439_123.2.jpg,40.9734843,29.0645439,YR-tOUuPIudfP9KyxjKStw,40.9735017601641,29.06452191871029,303.21,123.20999999999998
15,0092,street,forward,uploaded,gs://cv-urban-accessibility-bucket/streetview/polygon_4v/20260329T023321Z/015-0092_forward_40.9735915_29.064327_303.2.jpg,40.9735915,29.064327,_QjBY-BdipYJYXpLfj8n_g,40.97360111508213,29.06433202618764,303.21,303.21
15,0092,street,backward,uploaded,gs://cv-urban-accessibility-bucket/streetview/polygon_4v/20260329T023321Z/015-0092_backward_40.9735915_29.064327_123.2.jpg,40.9735915,29.064327,_QjBY-BdipYJYXpLfj8n_g,40.97360111508213,29.06433202618764,303.21,123.20999999999998
16,0093,junction,forward,uploaded,gs://cv-urban-accessibility-bucket/streetview/polygon_4v/20260329T023321Z/016-0093_forward_40.9703429_29.0705945_304.3.jpg,40.9703429,29.0705945,Gp92H3_KyVI6YqygPE9fDw,40.97034940261529,29.07054482467134,304.26,304.26
16,0093,junction,backward,uploaded,gs://cv-urban-accessibility-bucket/streetview/polygon_4v/20260329T023321Z/016-0093_backward_40.9703429_29.0705945_124.3.jpg,40.9703429,29.0705945,Gp92H3_KyVI6YqygPE9fDw,40.97034940261529,29.07054482467134,304.26,124.25999999999999
16,0094,street,forward,uploaded,gs://cv-urban-accessibility-bucket/streetview/polygon_4v/20260329T023321Z/016-0094_forward_40.9704946_29.0702996_304.3.jpg,40.9704946,29.0702996,cEl7mbwSjiLFM0lNa0o2VQ,40.97046391139732,29.07031996313701,304.26,304.26
16,0094,street,backward,uploaded,gs://cv-urban-accessibility-bucket/streetview/polygon_4v/20260329T023321Z/016-0094_backward_40.9704946_29.0702996_124.3.jpg,40.9704946,29.0702996,cEl7mbwSjiLFM0lNa0o2VQ,40.97046391139732,29.07031996313701,304.26,124.25999999999999
16,0095,street,forward,uploaded,gs://cv-urban-accessibility-bucket/streetview/polygon_4v/20260329T023321Z/016-0095_forward_40.9706463_29.0700046_304.3.jpg,40.9706463,29.0700046,piKucaajXksyigjE_hE-AA,40.97061989601067,29.07001378517314,304.26,304.26
16,0095,street,backward,uploaded,gs://cv-urban-accessibility-bucket/streetview/polygon_4v/20260329T023321Z/016-0095_backward_40.9706463_29.0700046_124.3.jpg,40.9706463,29.0700046,piKucaajXksyigjE_hE-AA,40.97061989601067,29.07001378517314,304.26,124.25999999999999
16,0096,junction,forward,uploaded,gs://cv-urban-accessibility-bucket/streetview/polygon_4v/20260329T023321Z/016-0096_forward_40.9707596_29.0697843_304.3.jpg,40.9707596,29.0697843,Lg4eNCISKPQbMJzAbhzRIw,40.97071967087123,29.06981804045829,304.26,304.26
16,0096,junction,backward,uploaded,gs://cv-urban-accessibility-bucket/streetview/polygon_4v/20260329T023321Z/016-0096_backward_40.9707596_29.0697843_124.3.jpg,40.9707596,29.0697843,Lg4eNCISKPQbMJzAbhzRIw,40.97071967087123,29.06981804045829,304.26,124.25999999999999
17,0097,junction,forward,uploaded,gs://cv-urban-accessibility-bucket/streetview/polygon_4v/20260329T023321Z/017-0097_forward_40.9689317_29.0694093_121.7.jpg,40.9689317,29.0694093,Rik5xEoRyRy471VHctCJKw,40.9688814399805,29.06939592344924,121.66,121.66
17,0097,junction,backward,uploaded,gs://cv-urban-accessibility-bucket/streetview/polygon_4v/20260329T023321Z/017-0097_backward_40.9689317_29.0694093_301.7.jpg,40.9689317,29.0694093,Rik5xEoRyRy471VHctCJKw,40.9688814399805,29.06939592344924,121.66,301.65999999999997
17,0098,street,forward,uploaded,gs://cv-urban-accessibility-bucket/streetview/polygon_4v/20260329T023321Z/017-0098_forward_40.9687903_29.069713_121.7.jpg,40.9687903,29.069713,uKTOuzTqYccRaz63iY42HQ,40.96872860572248,29.06971532986566,121.66,121.66
17,0098,street,backward,uploaded,gs://cv-urban-accessibility-bucket/streetview/polygon_4v/20260329T023321Z/017-0098_backward_40.9687903_29.069713_301.7.jpg,40.9687903,29.069713,uKTOuzTqYccRaz63iY42HQ,40.96872860572248,29.06971532986566,121.66,301.65999999999997
17,0099,street,forward,uploaded,gs://cv-urban-accessibility-bucket/streetview/polygon_4v/20260329T023321Z/017-0099_forward_40.9686489_29.0700167_121.7.jpg,40.9686489,29.0700167,CQUSh_1wHOQ6-RDk99T0uw,40.96858371778169,29.07002230738631,121.65,121.65
17,0099,street,backward,uploaded,gs://cv-urban-accessibility-bucket/streetview/polygon_4v/20260329T023321Z/017-0099_backward_40.9686489_29.0700167_301.6.jpg,40.9686489,29.0700167,CQUSh_1wHOQ6-RDk99T0uw,40.96858371778169,29.07002230738631,121.65,301.65
17,0100,street,forward,uploaded,gs://cv-urban-accessibility-bucket/streetview/polygon_4v/20260329T023321Z/017-0100_forward_40.9685075_29.0703204_121.7.jpg,40.9685075,29.0703204,PYKL_aFWTqLvUU1mBoy89Q,40.9684437563228,29.07033913807748,121.65,121.65
17,0100,street,backward,uploaded,gs://cv-urban-accessibility-bucket/streetview/polygon_4v/20260329T023321Z/017-0100_backward_40.9685075_29.0703204_301.6.jpg,40.9685075,29.0703204,PYKL_aFWTqLvUU1mBoy89Q,40.9684437563228,29.07033913807748,121.65,301.65
17,0101,street,forward,uploaded,gs://cv-urban-accessibility-bucket/streetview/polygon_4v/20260329T023321Z/017-0101_forward_40.9683662_29.0706241_121.7.jpg,40.9683662,29.0706241,lhyEggy_iq6Y60SMmZ_dPQ,40.96835180569367,29.07054731030824,121.66,121.66
17,0101,street,backward,uploaded,gs://cv-urban-accessibility-bucket/streetview/polygon_4v/20260329T023321Z/017-0101_backward_40.9683662_29.0706241_301.7.jpg,40.9683662,29.0706241,lhyEggy_iq6Y60SMmZ_dPQ,40.96835180569367,29.07054731030824,121.66,301.65999999999997
17,0102,street,forward,uploaded,gs://cv-urban-accessibility-bucket/streetview/polygon_4v/20260329T023321Z/017-0102_forward_40.9682248_29.0709278_112.6.jpg,40.9682248,29.0709278,Mf5-t9wNIn4V-PcnEvGkaw,40.96819788636072,29.07089583170947,112.62,112.62
17,0102,street,backward,uploaded,gs://cv-urban-accessibility-bucket/streetview/polygon_4v/20260329T023321Z/017-0102_backward_40.9682248_29.0709278_292.6.jpg,40.9682248,29.0709278,Mf5-t9wNIn4V-PcnEvGkaw,40.96819788636072,29.07089583170947,112.62,292.62
17,0103,street,forward,uploaded,gs://cv-urban-accessibility-bucket/streetview/polygon_4v/20260329T023321Z/017-0103_forward_40.9681353_29.0712122_27.0.jpg,40.9681353,29.0712122,4Rsy5ZPdI-k86UV0gSu8eQ,40.96811556549586,29.07125970992798,26.96,26.96
17,0103,street,backward,uploaded,gs://cv-urban-accessibility-bucket/streetview/polygon_4v/20260329T023321Z/017-0103_backward_40.9681353_29.0712122_207.0.jpg,40.9681353,29.0712122,4Rsy5ZPdI-k86UV0gSu8eQ,40.96811556549586,29.07125970992798,26.96,206.96
17,0104,street,forward,uploaded,gs://cv-urban-accessibility-bucket/streetview/polygon_4v/20260329T023321Z/017-0104_forward_40.9683759_29.0713743_27.0.jpg,40.9683759,29.0713743,kEUg9975vofb4R_8myycLQ,40.96837745147689,29.07142305092928,26.96,26.96
17,0104,street,backward,uploaded,gs://cv-urban-accessibility-bucket/streetview/polygon_4v/20260329T023321Z/017-0104_backward_40.9683759_29.0713743_207.0.jpg,40.9683759,29.0713743,kEUg9975vofb4R_8myycLQ,40.96837745147689,29.07142305092928,26.96,206.96
17,0105,street,forward,uploaded,gs://cv-urban-accessibility-bucket/streetview/polygon_4v/20260329T023321Z/017-0105_forward_40.9686165_29.0715364_27.0.jpg,40.9686165,29.0715364,577SSzpYLsiEAAPcPQ9zEg,40.96863340538669,29.07158275209774,26.96,26.96
17,0105,street,backward,uploaded,gs://cv-urban-accessibility-bucket/streetview/polygon_4v/20260329T023321Z/017-0105_backward_40.9686165_29.0715364_207.0.jpg,40.9686165,29.0715364,577SSzpYLsiEAAPcPQ9zEg,40.96863340538669,29.07158275209774,26.96,206.96
17,0106,street,forward,uploaded,gs://cv-urban-accessibility-bucket/streetview/polygon_4v/20260329T023321Z/017-0106_forward_40.9688571_29.0716985_27.0.jpg,40.9688571,29.0716985,X2WrUVssIlpY_D_yqeEHqA,40.96881182569724,29.07169442741244,26.96,26.96
17,0106,street,backward,uploaded,gs://cv-urban-accessibility-bucket/streetview/polygon_4v/20260329T023321Z/017-0106_backward_40.9688571_29.0716985_207.0.jpg,40.9688571,29.0716985,X2WrUVssIlpY_D_yqeEHqA,40.96881182569724,29.07169442741244,26.96,206.96
17,0107,street,forward,uploaded,gs://cv-urban-accessibility-bucket/streetview/polygon_4v/20260329T023321Z/017-0107_forward_40.9690977_29.0718606_27.0.jpg,40.9690977,29.0718606,Q45d-R7tojFLaqYDcgXAJw,40.96905868786152,29.0718503998732,26.96,26.96
17,0107,street,backward,uploaded,gs://cv-urban-accessibility-bucket/streetview/polygon_4v/20260329T023321Z/017-0107_backward_40.9690977_29.0718606_207.0.jpg,40.9690977,29.0718606,Q45d-R7tojFLaqYDcgXAJw,40.96905868786152,29.0718503998732,26.96,206.96
17,0108,street,forward,uploaded,gs://cv-urban-accessibility-bucket/streetview/polygon_4v/20260329T023321Z/017-0108_forward_40.9693383_29.0720227_16.0.jpg,40.9693383,29.0720227,qxSPbKSwI37t35V7gr9SfQ,40.96931060489035,29.07200521813972,16.01,16.01
17,0108,street,backward,uploaded,gs://cv-urban-accessibility-bucket/streetview/polygon_4v/20260329T023321Z/017-0108_backward_40.9693383_29.0720227_196.0.jpg,40.9693383,29.0720227,qxSPbKSwI37t35V7gr9SfQ,40.96931060489035,29.07200521813972,16.01,196.01
17,0109,street,forward,uploaded,gs://cv-urban-accessibility-bucket/streetview/polygon_4v/20260329T023321Z/017-0109_forward_40.969564_29.0721085_304.3.jpg,40.969564,29.0721085,ysGH-zmbW6mHYwXguo-0mQ,40.96954493161958,29.07204995916911,304.27,304.27
17,0109,street,backward,uploaded,gs://cv-urban-accessibility-bucket/streetview/polygon_4v/20260329T023321Z/017-0109_backward_40.969564_29.0721085_124.3.jpg,40.969564,29.0721085,ysGH-zmbW6mHYwXguo-0mQ,40.96954493161958,29.07204995916911,304.27,124.26999999999998
17,0110,street,forward,uploaded,gs://cv-urban-accessibility-bucket/streetview/polygon_4v/20260329T023321Z/017-0110_forward_40.9697158_29.0718136_304.3.jpg,40.9697158,29.0718136,Y94bEgo-Hc3JXNnor1VOeQ,40.96967239873377,29.071811695282,304.27,304.27
17,0110,street,backward,uploaded,gs://cv-urban-accessibility-bucket/streetview/polygon_4v/20260329T023321Z/017-0110_backward_40.9697158_29.0718136_124.3.jpg,40.9697158,29.0718136,Y94bEgo-Hc3JXNnor1VOeQ,40.96967239873377,29.071811695282,304.27,124.26999999999998
17,0111,street,forward,uploaded,gs://cv-urban-accessibility-bucket/streetview/polygon_4v/20260329T023321Z/017-0111_forward_40.9698675_29.0715187_304.3.jpg,40.9698675,29.0715187,2az88FggxC0u21ZtbCqoDA,40.96982692331742,29.07152291966179,304.27,304.27
17,0111,street,backward,uploaded,gs://cv-urban-accessibility-bucket/streetview/polygon_4v/20260329T023321Z/017-0111_backward_40.9698675_29.0715187_124.3.jpg,40.9698675,29.0715187,2az88FggxC0u21ZtbCqoDA,40.96982692331742,29.07152291966179,304.27,124.26999999999998
17,0112,street,forward,uploaded,gs://cv-urban-accessibility-bucket/streetview/polygon_4v/20260329T023321Z/017-0112_forward_40.9700192_29.0712238_304.3.jpg,40.9700192,29.0712238,BmQY4Q5iQ1bQKT5fqUFmIw,40.96999683616986,29.07120547002416,304.27,304.27
17,0112,street,backward,uploaded,gs://cv-urban-accessibility-bucket/streetview/polygon_4v/20260329T023321Z/017-0112_backward_40.9700192_29.0712238_124.3.jpg,40.9700192,29.0712238,BmQY4Q5iQ1bQKT5fqUFmIw,40.96999683616986,29.07120547002416,304.27,124.26999999999998
17,0113,street,forward,uploaded,gs://cv-urban-accessibility-bucket/streetview/polygon_4v/20260329T023321Z/017-0113_forward_40.9701709_29.0709288_304.3.jpg,40.9701709,29.0709288,-TuMsITBs-i-F6ptTO2WXA,40.97016979704664,29.07088233828237,304.27,304.27
17,0113,street,backward,uploaded,gs://cv-urban-accessibility-bucket/streetview/polygon_4v/20260329T023321Z/017-0113_backward_40.9701709_29.0709288_124.3.jpg,40.9701709,29.0709288,-TuMsITBs-i-F6ptTO2WXA,40.97016979704664,29.07088233828237,304.27,124.26999999999998
17,0114,street,forward,uploaded,gs://cv-urban-accessibility-bucket/streetview/polygon_4v/20260329T023321Z/017-0114_forward_40.9703226_29.0706339_304.3.jpg,40.9703226,29.0706339,fs8OsBg5zXNxCevUxEIYfQ,40.97029068260053,29.07065641197366,304.27,304.27
17,0114,street,backward,uploaded,gs://cv-urban-accessibility-bucket/streetview/polygon_4v/20260329T023321Z/017-0114_backward_40.9703226_29.0706339_124.3.jpg,40.9703226,29.0706339,fs8OsBg5zXNxCevUxEIYfQ,40.97029068260053,29.07065641197366,304.27,124.26999999999998
17,0115,junction,forward,uploaded,gs://cv-urban-accessibility-bucket/streetview/polygon_4v/20260329T023321Z/017-0115_forward_40.9703429_29.0705945_304.3.jpg,40.9703429,29.0705945,Gp92H3_KyVI6YqygPE9fDw,40.97034940261529,29.07054482467134,304.27,304.27
17,0115,junction,backward,uploaded,gs://cv-urban-accessibility-bucket/streetview/polygon_4v/20260329T023321Z/017-0115_backward_40.9703429_29.0705945_124.3.jpg,40.9703429,29.0705945,Gp92H3_KyVI6YqygPE9fDw,40.97034940261529,29.07054482467134,304.27,124.26999999999998
18,0116,junction,forward,uploaded,gs://cv-urban-accessibility-bucket/streetview/polygon_4v/20260329T023321Z/018-0116_forward_40.9689317_29.0694093_32.4.jpg,40.9689317,29.0694093,Rik5xEoRyRy471VHctCJKw,40.9688814399805,29.06939592344924,32.38,32.38
18,0116,junction,backward,uploaded,gs://cv-urban-accessibility-bucket/streetview/polygon_4v/20260329T023321Z/018-0116_backward_40.9689317_29.0694093_212.4.jpg,40.9689317,29.0694093,Rik5xEoRyRy471VHctCJKw,40.9688814399805,29.06939592344924,32.38,212.38
18,0117,street,forward,uploaded,gs://cv-urban-accessibility-bucket/streetview/polygon_4v/20260329T023321Z/018-0117_forward_40.9691596_29.0696007_32.4.jpg,40.9691596,29.0696007,yPEJiFxkjH1492FxbKdu-g,40.96920098244099,29.06957080697858,32.38,32.38
18,0117,street,backward,uploaded,gs://cv-urban-accessibility-bucket/streetview/polygon_4v/20260329T023321Z/018-0117_backward_40.9691596_29.0696007_212.4.jpg,40.9691596,29.0696007,yPEJiFxkjH1492FxbKdu-g,40.96920098244099,29.06957080697858,32.38,212.38
18,0118,street,forward,uploaded,gs://cv-urban-accessibility-bucket/streetview/polygon_4v/20260329T023321Z/018-0118_forward_40.9693875_29.0697921_32.4.jpg,40.9693875,29.0697921,l3tHkjZ7F1upWB3pBo9DkQ,40.96938271947072,29.06973752317157,32.38,32.38
18,0118,street,backward,uploaded,gs://cv-urban-accessibility-bucket/streetview/polygon_4v/20260329T023321Z/018-0118_backward_40.9693875_29.0697921_212.4.jpg,40.9693875,29.0697921,l3tHkjZ7F1upWB3pBo9DkQ,40.96938271947072,29.06973752317157,32.38,212.38
18,0119,street,forward,uploaded,gs://cv-urban-accessibility-bucket/streetview/polygon_4v/20260329T023321Z/018-0119_forward_40.9696154_29.0699835_32.4.jpg,40.9696154,29.0699835,k_kYPqEW02Of5tA5xVh4xA,40.96961309116277,29.0699439207618,32.38,32.38
18,0119,street,backward,uploaded,gs://cv-urban-accessibility-bucket/streetview/polygon_4v/20260329T023321Z/018-0119_backward_40.9696154_29.0699835_212.4.jpg,40.9696154,29.0699835,k_kYPqEW02Of5tA5xVh4xA,40.96961309116277,29.0699439207618,32.38,212.38
18,0120,street,forward,uploaded,gs://cv-urban-accessibility-bucket/streetview/polygon_4v/20260329T023321Z/018-0120_forward_40.9698433_29.0701749_32.4.jpg,40.9698433,29.0701749,L0BO0BKGabjqZ8Evyi3QAw,40.96984942186436,29.07015564445117,32.38,32.38
18,0120,street,backward,uploaded,gs://cv-urban-accessibility-bucket/streetview/polygon_4v/20260329T023321Z/018-0120_backward_40.9698433_29.0701749_212.4.jpg,40.9698433,29.0701749,L0BO0BKGabjqZ8Evyi3QAw,40.96984942186436,29.07015564445117,32.38,212.38
18,0121,street,forward,uploaded,gs://cv-urban-accessibility-bucket/streetview/polygon_4v/20260329T023321Z/018-0121_forward_40.9700712_29.0703663_32.4.jpg,40.9700712,29.0703663,Pm5_cfCSajFiSPlt25zMWg,40.97008254691374,29.07036461588814,32.38,32.38
18,0121,street,backward,uploaded,gs://cv-urban-accessibility-bucket/streetview/polygon_4v/20260329T023321Z/018-0121_backward_40.9700712_29.0703663_212.4.jpg,40.9700712,29.0703663,Pm5_cfCSajFiSPlt25zMWg,40.97008254691374,29.07036461588814,32.38,212.38
18,0122,street,forward,uploaded,gs://cv-urban-accessibility-bucket/streetview/polygon_4v/20260329T023321Z/018-0122_forward_40.970299_29.0705577_32.4.jpg,40.970299,29.0705577,42VyI-bi_4ezkcRW0_YjOw,40.97026099580871,29.07052449571089,32.38,32.38
18,0122,street,backward,uploaded,gs://cv-urban-accessibility-bucket/streetview/polygon_4v/20260329T023321Z/018-0122_backward_40.970299_29.0705577_212.4.jpg,40.970299,29.0705577,42VyI-bi_4ezkcRW0_YjOw,40.97026099580871,29.07052449571089,32.38,212.38
18,0123,junction,forward,uploaded,gs://cv-urban-accessibility-bucket/streetview/polygon_4v/20260329T023321Z/018-0123_forward_40.9703429_29.0705945_32.4.jpg,40.9703429,29.0705945,Gp92H3_KyVI6YqygPE9fDw,40.97034940261529,29.07054482467134,32.38,32.38
18,0123,junction,backward,uploaded,gs://cv-urban-accessibility-bucket/streetview/polygon_4v/20260329T023321Z/018-0123_backward_40.9703429_29.0705945_212.4.jpg,40.9703429,29.0705945,Gp92H3_KyVI6YqygPE9fDw,40.97034940261529,29.07054482467134,32.38,212.38
19,0124,junction,forward,uploaded,gs://cv-urban-accessibility-bucket/streetview/polygon_4v/20260329T023321Z/019-0124_forward_40.9693581_29.0684932_34.8.jpg,40.9693581,29.0684932,19BebhifjPxCHqEkXqDKeQ,40.96941061151269,29.06848803502068,34.82,34.82
19,0124,junction,backward,uploaded,gs://cv-urban-accessibility-bucket/streetview/polygon_4v/20260329T023321Z/019-0124_backward_40.9693581_29.0684932_214.8.jpg,40.9693581,29.0684932,19BebhifjPxCHqEkXqDKeQ,40.96941061151269,29.06848803502068,34.82,214.82
19,0125,street,forward,uploaded,gs://cv-urban-accessibility-bucket/streetview/polygon_4v/20260329T023321Z/019-0125_forward_40.9695796_29.0686972_34.8.jpg,40.9695796,29.0686972,fgZdH9mULor7KChonlH2sQ,40.96957777937707,29.06864498727391,34.82,34.82
19,0125,street,backward,uploaded,gs://cv-urban-accessibility-bucket/streetview/polygon_4v/20260329T023321Z/019-0125_backward_40.9695796_29.0686972_214.8.jpg,40.9695796,29.0686972,fgZdH9mULor7KChonlH2sQ,40.96957777937707,29.06864498727391,34.82,214.82
19,0126,street,forward,uploaded,gs://cv-urban-accessibility-bucket/streetview/polygon_4v/20260329T023321Z/019-0126_forward_40.9698011_29.0689013_34.8.jpg,40.9698011,29.0689013,4-jxk6Q-Zie2vo981XbNwA,40.96985301664952,29.06890349651533,34.82,34.82
19,0126,street,backward,uploaded,gs://cv-urban-accessibility-bucket/streetview/polygon_4v/20260329T023321Z/019-0126_backward_40.9698011_29.0689013_214.8.jpg,40.9698011,29.0689013,4-jxk6Q-Zie2vo981XbNwA,40.96985301664952,29.06890349651533,34.82,214.82
19,0127,street,forward,uploaded,gs://cv-urban-accessibility-bucket/streetview/polygon_4v/20260329T023321Z/019-0127_forward_40.9700226_29.0691053_34.8.jpg,40.9700226,29.0691053,dkmBPYMdJQgmSjeUT9VqHw,40.97000095064267,29.0690424272968,34.82,34.82
19,0127,street,backward,uploaded,gs://cv-urban-accessibility-bucket/streetview/polygon_4v/20260329T023321Z/019-0127_backward_40.9700226_29.0691053_214.8.jpg,40.9700226,29.0691053,dkmBPYMdJQgmSjeUT9VqHw,40.97000095064267,29.0690424272968,34.82,214.82
19,0128,street,forward,uploaded,gs://cv-urban-accessibility-bucket/streetview/polygon_4v/20260329T023321Z/019-0128_forward_40.9702441_29.0693094_34.8.jpg,40.9702441,29.0693094,x74h7a1hurwDwsnD9sf7tg,40.97022921812008,29.06925672666934,34.82,34.82
19,0128,street,backward,uploaded,gs://cv-urban-accessibility-bucket/streetview/polygon_4v/20260329T023321Z/019-0128_backward_40.9702441_29.0693094_214.8.jpg,40.9702441,29.0693094,x74h7a1hurwDwsnD9sf7tg,40.97022921812008,29.06925672666934,34.82,214.82
19,0129,street,forward,uploaded,gs://cv-urban-accessibility-bucket/streetview/polygon_4v/20260329T023321Z/019-0129_forward_40.9704656_29.0695134_34.8.jpg,40.9704656,29.0695134,XOSIeIpZwO3l4tGRNrMAsg,40.97044662916517,29.06946214840323,34.82,34.82
19,0129,street,backward,uploaded,gs://cv-urban-accessibility-bucket/streetview/polygon_4v/20260329T023321Z/019-0129_backward_40.9704656_29.0695134_214.8.jpg,40.9704656,29.0695134,XOSIeIpZwO3l4tGRNrMAsg,40.97044662916517,29.06946214840323,34.82,214.82
19,0130,street,forward,uploaded,gs://cv-urban-accessibility-bucket/streetview/polygon_4v/20260329T023321Z/019-0130_forward_40.9706871_29.0697175_34.8.jpg,40.9706871,29.0697175,RSWf13aMmJUkkZLMzqeZfQ,40.97067144484599,29.0696745829476,34.82,34.82
19,0130,street,backward,uploaded,gs://cv-urban-accessibility-bucket/streetview/polygon_4v/20260329T023321Z/019-0130_backward_40.9706871_29.0697175_214.8.jpg,40.9706871,29.0697175,RSWf13aMmJUkkZLMzqeZfQ,40.97067144484599,29.0696745829476,34.82,214.82
19,0131,junction,forward,uploaded,gs://cv-urban-accessibility-bucket/streetview/polygon_4v/20260329T023321Z/019-0131_forward_40.9707596_29.0697843_34.8.jpg,40.9707596,29.0697843,Lg4eNCISKPQbMJzAbhzRIw,40.97071967087123,29.06981804045829,34.82,34.82
19,0131,junction,backward,uploaded,gs://cv-urban-accessibility-bucket/streetview/polygon_4v/20260329T023321Z/019-0131_backward_40.9707596_29.0697843_214.8.jpg,40.9707596,29.0697843,Lg4eNCISKPQbMJzAbhzRIw,40.97071967087123,29.06981804045829,34.82,214.82
20,0132,junction,forward,uploaded,gs://cv-urban-accessibility-bucket/streetview/polygon_4v/20260329T023321Z/020-0132_forward_40.9689317_29.0694093_301.6.jpg,40.9689317,29.0694093,Rik5xEoRyRy471VHctCJKw,40.9688814399805,29.06939592344924,301.65,301.65
20,0132,junction,backward,uploaded,gs://cv-urban-accessibility-bucket/streetview/polygon_4v/20260329T023321Z/020-0132_backward_40.9689317_29.0694093_121.6.jpg,40.9689317,29.0694093,Rik5xEoRyRy471VHctCJKw,40.9688814399805,29.06939592344924,301.65,121.64999999999998
20,0133,street,forward,uploaded,gs://cv-urban-accessibility-bucket/streetview/polygon_4v/20260329T023321Z/020-0133_forward_40.9690731_29.0691056_301.6.jpg,40.9690731,29.0691056,EtEiAiikrF7NPlrwGnmSHw,40.96905232031392,29.0690263592704,301.65,301.65
20,0133,street,backward,uploaded,gs://cv-urban-accessibility-bucket/streetview/polygon_4v/20260329T023321Z/020-0133_backward_40.9690731_29.0691056_121.6.jpg,40.9690731,29.0691056,EtEiAiikrF7NPlrwGnmSHw,40.96905232031392,29.0690263592704,301.65,121.64999999999998
20,0134,street,forward,uploaded,gs://cv-urban-accessibility-bucket/streetview/polygon_4v/20260329T023321Z/020-0134_forward_40.9692144_29.0688019_301.6.jpg,40.9692144,29.0688019,jAWWhRvSLKMfKPz3zZ4KBg,40.96918718517885,29.06873163053002,301.65,301.65
20,0134,street,backward,uploaded,gs://cv-urban-accessibility-bucket/streetview/polygon_4v/20260329T023321Z/020-0134_backward_40.9692144_29.0688019_121.6.jpg,40.9692144,29.0688019,jAWWhRvSLKMfKPz3zZ4KBg,40.96918718517885,29.06873163053002,301.65,121.64999999999998
20,0135,street,forward,uploaded,gs://cv-urban-accessibility-bucket/streetview/polygon_4v/20260329T023321Z/020-0135_forward_40.9693558_29.0684981_301.6.jpg,40.9693558,29.0684981,19BebhifjPxCHqEkXqDKeQ,40.96941061151269,29.06848803502068,301.65,301.65
20,0135,street,backward,uploaded,gs://cv-urban-accessibility-bucket/streetview/polygon_4v/20260329T023321Z/020-0135_backward_40.9693558_29.0684981_121.6.jpg,40.9693558,29.0684981,19BebhifjPxCHqEkXqDKeQ,40.96941061151269,29.06848803502068,301.65,121.64999999999998
20,0136,junction,forward,uploaded,gs://cv-urban-accessibility-bucket/streetview/polygon_4v/20260329T023321Z/020-0136_forward_40.9693581_29.0684932_301.6.jpg,40.9693581,29.0684932,19BebhifjPxCHqEkXqDKeQ,40.96941061151269,29.06848803502068,301.65,301.65
20,0136,junction,backward,uploaded,gs://cv-urban-accessibility-bucket/streetview/polygon_4v/20260329T023321Z/020-0136_backward_40.9693581_29.0684932_121.6.jpg,40.9693581,29.0684932,19BebhifjPxCHqEkXqDKeQ,40.96941061151269,29.06848803502068,301.65,121.64999999999998
21,0137,street,forward,uploaded,gs://cv-urban-accessibility-bucket/streetview/polygon_4v/20260329T023321Z/021-0137_forward_40.9726334_29.0631727_35.8.jpg,40.9726334,29.0631727,YYvTAbwDaa_tAw68S0IIbA,40.97274727618944,29.06326537445625,35.75,35.75
21,0137,street,backward,uploaded,gs://cv-urban-accessibility-bucket/streetview/polygon_4v/20260329T023321Z/021-0137_backward_40.9726334_29.0631727_215.8.jpg,40.9726334,29.0631727,YYvTAbwDaa_tAw68S0IIbA,40.97274727618944,29.06326537445625,35.75,215.75
21,0138,street,forward,uploaded,gs://cv-urban-accessibility-bucket/streetview/polygon_4v/20260329T023321Z/021-0138_forward_40.9728523_29.0633815_35.8.jpg,40.9728523,29.0633815,COXwSG00z1ggK9cSTDcZZQ,40.97282609874804,29.06334136753537,35.75,35.75
21,0138,street,backward,uploaded,gs://cv-urban-accessibility-bucket/streetview/polygon_4v/20260329T023321Z/021-0138_backward_40.9728523_29.0633815_215.8.jpg,40.9728523,29.0633815,COXwSG00z1ggK9cSTDcZZQ,40.97282609874804,29.06334136753537,35.75,215.75
21,0139,street,forward,uploaded,gs://cv-urban-accessibility-bucket/streetview/polygon_4v/20260329T023321Z/021-0139_forward_40.9730713_29.0635903_35.8.jpg,40.9730713,29.0635903,FPQKVdAQBENlzOPcq_DVJw,40.97305331510764,29.06356029131114,35.75,35.75
21,0139,street,backward,uploaded,gs://cv-urban-accessibility-bucket/streetview/polygon_4v/20260329T023321Z/021-0139_backward_40.9730713_29.0635903_215.8.jpg,40.9730713,29.0635903,FPQKVdAQBENlzOPcq_DVJw,40.97305331510764,29.06356029131114,35.75,215.75
21,0140,street,forward,uploaded,gs://cv-urban-accessibility-bucket/streetview/polygon_4v/20260329T023321Z/021-0140_forward_40.9732902_29.0637991_35.8.jpg,40.9732902,29.0637991,3pYE3kvWb4arI69rvm7IGA,40.97327188417204,29.06377104731762,35.75,35.75
21,0140,street,backward,uploaded,gs://cv-urban-accessibility-bucket/streetview/polygon_4v/20260329T023321Z/021-0140_backward_40.9732902_29.0637991_215.8.jpg,40.9732902,29.0637991,3pYE3kvWb4arI69rvm7IGA,40.97327188417204,29.06377104731762,35.75,215.75
21,0141,street,forward,uploaded,gs://cv-urban-accessibility-bucket/streetview/polygon_4v/20260329T023321Z/021-0141_forward_40.9735092_29.0640079_35.8.jpg,40.9735092,29.0640079,lv-TbbgPRpbZxvqsG-GhiQ,40.97348220653557,29.06397860707659,35.75,35.75
21,0141,street,backward,uploaded,gs://cv-urban-accessibility-bucket/streetview/polygon_4v/20260329T023321Z/021-0141_backward_40.9735092_29.0640079_215.8.jpg,40.9735092,29.0640079,lv-TbbgPRpbZxvqsG-GhiQ,40.97348220653557,29.06397860707659,35.75,215.75
21,0142,junction,forward,uploaded,gs://cv-urban-accessibility-bucket/streetview/polygon_4v/20260329T023321Z/021-0142_forward_40.9736724_29.0641635_35.8.jpg,40.9736724,29.0641635,NT1LqGJP3eZ1cJbJOt0VMA,40.97370647658421,29.06414266608751,35.75,35.75
21,0142,junction,backward,uploaded,gs://cv-urban-accessibility-bucket/streetview/polygon_4v/20260329T023321Z/021-0142_backward_40.9736724_29.0641635_215.8.jpg,40.9736724,29.0641635,NT1LqGJP3eZ1cJbJOt0VMA,40.97370647658421,29.06414266608751,35.75,215.75
