segment_id,point_id,point_type,direction,status,gcs_uri,latitude,longitude,pano_id,pano_lat,pano_lng,street_bearing,heading,pitch
0,0000,street,forward,uploaded,gs://cv-urban-accessibility-bucket/streetview/polygon_4v/20260516T074342Z/000-0000_forward_41.0848925_29.0434133_81.7.jpg,41.0848925,29.0434133,0rKyMQzRbDaR1-xSJhi_qA,41.08488750690609,29.04336098811896,81.68,81.68,-10
0,0000,street,backward,uploaded,gs://cv-urban-accessibility-bucket/streetview/polygon_4v/20260516T074342Z/000-0000_backward_41.0848925_29.0434133_261.7.jpg,41.0848925,29.0434133,0rKyMQzRbDaR1-xSJhi_qA,41.08488750690609,29.04336098811896,81.68,261.68,-10
0,0000,street,left,uploaded,gs://cv-urban-accessibility-bucket/streetview/polygon_4v/20260516T074342Z/000-0000_left_41.0848925_29.0434133_351.7.jpg,41.0848925,29.0434133,0rKyMQzRbDaR1-xSJhi_qA,41.08488750690609,29.04336098811896,81.68,351.68,-40
0,0000,street,right,uploaded,gs://cv-urban-accessibility-bucket/streetview/polygon_4v/20260516T074342Z/000-0000_right_41.0848925_29.0434133_171.7.jpg,41.0848925,29.0434133,0rKyMQzRbDaR1-xSJhi_qA,41.08488750690609,29.04336098811896,81.68,171.68,-40
0,0001,street,forward,uploaded,gs://cv-urban-accessibility-bucket/streetview/polygon_4v/20260516T074342Z/000-0001_forward_41.084899_29.0434722_81.7.jpg,41.084899,29.0434722,Aw36yKKesovQx-6ar8ezrw,41.08489629866703,29.0434796983613,81.66,81.66,-10
0,0001,street,backward,uploaded,gs://cv-urban-accessibility-bucket/streetview/polygon_4v/20260516T074342Z/000-0001_backward_41.084899_29.0434722_261.7.jpg,41.084899,29.0434722,Aw36yKKesovQx-6ar8ezrw,41.08489629866703,29.0434796983613,81.66,261.65999999999997,-10
0,0001,street,left,uploaded,gs://cv-urban-accessibility-bucket/streetview/polygon_4v/20260516T074342Z/000-0001_left_41.084899_29.0434722_351.7.jpg,41.084899,29.0434722,Aw36yKKesovQx-6ar8ezrw,41.08489629866703,29.0434796983613,81.66,351.65999999999997,-40
0,0001,street,right,uploaded,gs://cv-urban-accessibility-bucket/streetview/polygon_4v/20260516T074342Z/000-0001_right_41.084899_29.0434722_171.7.jpg,41.084899,29.0434722,Aw36yKKesovQx-6ar8ezrw,41.08489629866703,29.0434796983613,81.66,171.66,-40
0,0002,street,forward,uploaded,gs://cv-urban-accessibility-bucket/streetview/polygon_4v/20260516T074342Z/000-0002_forward_41.084912_29.0435899_81.7.jpg,41.084912,29.0435899,FBLrz7SLpj_uTivM_nRXSQ,41.08490256678092,29.04362247016874,81.66,81.66,-10
0,0002,street,backward,uploaded,gs://cv-urban-accessibility-bucket/streetview/polygon_4v/20260516T074342Z/000-0002_backward_41.084912_29.0435899_261.7.jpg,41.084912,29.0435899,FBLrz7SLpj_uTivM_nRXSQ,41.08490256678092,29.04362247016874,81.66,261.65999999999997,-10
0,0002,street,left,uploaded,gs://cv-urban-accessibility-bucket/streetview/polygon_4v/20260516T074342Z/000-0002_left_41.084912_29.0435899_351.7.jpg,41.084912,29.0435899,FBLrz7SLpj_uTivM_nRXSQ,41.08490256678092,29.04362247016874,81.66,351.65999999999997,-40
0,0002,street,right,uploaded,gs://cv-urban-accessibility-bucket/streetview/polygon_4v/20260516T074342Z/000-0002_right_41.084912_29.0435899_171.7.jpg,41.084912,29.0435899,FBLrz7SLpj_uTivM_nRXSQ,41.08490256678092,29.04362247016874,81.66,171.66,-40
0,0003,street,forward,uploaded,gs://cv-urban-accessibility-bucket/streetview/polygon_4v/20260516T074342Z/000-0003_forward_41.084925_29.0437077_81.7.jpg,41.084925,29.0437077,mcSEhmBgtDc3Ayef_GXbog,41.08491291544822,29.04376195667536,81.66,81.66,-10
0,0003,street,backward,uploaded,gs://cv-urban-accessibility-bucket/streetview/polygon_4v/20260516T074342Z/000-0003_backward_41.084925_29.0437077_261.7.jpg,41.084925,29.0437077,mcSEhmBgtDc3Ayef_GXbog,41.08491291544822,29.04376195667536,81.66,261.65999999999997,-10
0,0003,street,left,uploaded,gs://cv-urban-accessibility-bucket/streetview/polygon_4v/20260516T074342Z/000-0003_left_41.084925_29.0437077_351.7.jpg,41.084925,29.0437077,mcSEhmBgtDc3Ayef_GXbog,41.08491291544822,29.04376195667536,81.66,351.65999999999997,-40
0,0003,street,right,uploaded,gs://cv-urban-accessibility-bucket/streetview/polygon_4v/20260516T074342Z/000-0003_right_41.084925_29.0437077_171.7.jpg,41.084925,29.0437077,mcSEhmBgtDc3Ayef_GXbog,41.08491291544822,29.04376195667536,81.66,171.66,-40
6,0004,junction,forward,uploaded,gs://cv-urban-accessibility-bucket/streetview/polygon_4v/20260516T074342Z/006-0004_forward_41.0859427_29.0433625_346.2.jpg,41.0859427,29.0433625,tYOFJBDNVNUQ5abyTXE_HQ,41.0859090469521,29.04327788201568,346.2,346.2,-10
6,0004,junction,backward,uploaded,gs://cv-urban-accessibility-bucket/streetview/polygon_4v/20260516T074342Z/006-0004_backward_41.0859427_29.0433625_166.2.jpg,41.0859427,29.0433625,tYOFJBDNVNUQ5abyTXE_HQ,41.0859090469521,29.04327788201568,346.2,166.20000000000005,-10
6,0004,junction,left,uploaded,gs://cv-urban-accessibility-bucket/streetview/polygon_4v/20260516T074342Z/006-0004_left_41.0859427_29.0433625_256.2.jpg,41.0859427,29.0433625,tYOFJBDNVNUQ5abyTXE_HQ,41.0859090469521,29.04327788201568,346.2,256.2,-40
6,0004,junction,right,uploaded,gs://cv-urban-accessibility-bucket/streetview/polygon_4v/20260516T074342Z/006-0004_right_41.0859427_29.0433625_76.2.jpg,41.0859427,29.0433625,tYOFJBDNVNUQ5abyTXE_HQ,41.0859090469521,29.04327788201568,346.2,76.19999999999999,-40
6,0005,street,forward,uploaded,gs://cv-urban-accessibility-bucket/streetview/polygon_4v/20260516T074342Z/006-0005_forward_41.0859864_29.0433483_346.2.jpg,41.0859864,29.0433483,f0R1iHZ8pTkuaGuLaQT8NQ,41.08600328832394,29.04328152234807,346.2,346.2,-10
6,0005,street,backward,uploaded,gs://cv-urban-accessibility-bucket/streetview/polygon_4v/20260516T074342Z/006-0005_backward_41.0859864_29.0433483_166.2.jpg,41.0859864,29.0433483,f0R1iHZ8pTkuaGuLaQT8NQ,41.08600328832394,29.04328152234807,346.2,166.20000000000005,-10
6,0005,street,left,uploaded,gs://cv-urban-accessibility-bucket/streetview/polygon_4v/20260516T074342Z/006-0005_left_41.0859864_29.0433483_256.2.jpg,41.0859864,29.0433483,f0R1iHZ8pTkuaGuLaQT8NQ,41.08600328832394,29.04328152234807,346.2,256.2,-40
6,0005,street,right,uploaded,gs://cv-urban-accessibility-bucket/streetview/polygon_4v/20260516T074342Z/006-0005_right_41.0859864_29.0433483_76.2.jpg,41.0859864,29.0433483,f0R1iHZ8pTkuaGuLaQT8NQ,41.08600328832394,29.04328152234807,346.2,76.19999999999999,-40
6,0006,street,forward,uploaded,gs://cv-urban-accessibility-bucket/streetview/polygon_4v/20260516T074342Z/006-0006_forward_41.0860738_29.0433198_346.2.jpg,41.0860738,29.0433198,CGbRyoS4q89QpdwAihBfnQ,41.08609092183516,29.04325168937761,346.2,346.2,-10
6,0006,street,backward,uploaded,gs://cv-urban-accessibility-bucket/streetview/polygon_4v/20260516T074342Z/006-0006_backward_41.0860738_29.0433198_166.2.jpg,41.0860738,29.0433198,CGbRyoS4q89QpdwAihBfnQ,41.08609092183516,29.04325168937761,346.2,166.20000000000005,-10
6,0006,street,left,uploaded,gs://cv-urban-accessibility-bucket/streetview/polygon_4v/20260516T074342Z/006-0006_left_41.0860738_29.0433198_256.2.jpg,41.0860738,29.0433198,CGbRyoS4q89QpdwAihBfnQ,41.08609092183516,29.04325168937761,346.2,256.2,-40
6,0006,street,right,uploaded,gs://cv-urban-accessibility-bucket/streetview/polygon_4v/20260516T074342Z/006-0006_right_41.0860738_29.0433198_76.2.jpg,41.0860738,29.0433198,CGbRyoS4q89QpdwAihBfnQ,41.08609092183516,29.04325168937761,346.2,76.19999999999999,-40
6,0007,street,forward,uploaded,gs://cv-urban-accessibility-bucket/streetview/polygon_4v/20260516T074342Z/006-0007_forward_41.0861613_29.0432913_346.2.jpg,41.0861613,29.0432913,4gewV0bUxNd7smPazChZhg,41.0861780121759,29.0432220339786,346.2,346.2,-10
6,0007,street,backward,uploaded,gs://cv-urban-accessibility-bucket/streetview/polygon_4v/20260516T074342Z/006-0007_backward_41.0861613_29.0432913_166.2.jpg,41.0861613,29.0432913,4gewV0bUxNd7smPazChZhg,41.0861780121759,29.0432220339786,346.2,166.20000000000005,-10
6,0007,street,left,uploaded,gs://cv-urban-accessibility-bucket/streetview/polygon_4v/20260516T074342Z/006-0007_left_41.0861613_29.0432913_256.2.jpg,41.0861613,29.0432913,4gewV0bUxNd7smPazChZhg,41.0861780121759,29.0432220339786,346.2,256.2,-40
6,0007,street,right,uploaded,gs://cv-urban-accessibility-bucket/streetview/polygon_4v/20260516T074342Z/006-0007_right_41.0861613_29.0432913_76.2.jpg,41.0861613,29.0432913,4gewV0bUxNd7smPazChZhg,41.0861780121759,29.0432220339786,346.2,76.19999999999999,-40
6,0008,street,forward,uploaded,gs://cv-urban-accessibility-bucket/streetview/polygon_4v/20260516T074342Z/006-0008_forward_41.0862487_29.0432628_346.2.jpg,41.0862487,29.0432628,LtO_tuAK1mlTg7Ukx4woBA,41.08626526803386,29.0431922897852,346.2,346.2,-10
6,0008,street,backward,uploaded,gs://cv-urban-accessibility-bucket/streetview/polygon_4v/20260516T074342Z/006-0008_backward_41.0862487_29.0432628_166.2.jpg,41.0862487,29.0432628,LtO_tuAK1mlTg7Ukx4woBA,41.08626526803386,29.0431922897852,346.2,166.20000000000005,-10
6,0008,street,left,uploaded,gs://cv-urban-accessibility-bucket/streetview/polygon_4v/20260516T074342Z/006-0008_left_41.0862487_29.0432628_256.2.jpg,41.0862487,29.0432628,LtO_tuAK1mlTg7Ukx4woBA,41.08626526803386,29.0431922897852,346.2,256.2,-40
6,0008,street,right,uploaded,gs://cv-urban-accessibility-bucket/streetview/polygon_4v/20260516T074342Z/006-0008_right_41.0862487_29.0432628_76.2.jpg,41.0862487,29.0432628,LtO_tuAK1mlTg7Ukx4woBA,41.08626526803386,29.0431922897852,346.2,76.19999999999999,-40
6,0009,street,forward,uploaded,gs://cv-urban-accessibility-bucket/streetview/polygon_4v/20260516T074342Z/006-0009_forward_41.0863361_29.0432343_346.2.jpg,41.0863361,29.0432343,dVIUXgQ0x5m45rTKx5CQDg,41.08635547530287,29.04316156891072,346.2,346.2,-10
6,0009,street,backward,uploaded,gs://cv-urban-accessibility-bucket/streetview/polygon_4v/20260516T074342Z/006-0009_backward_41.0863361_29.0432343_166.2.jpg,41.0863361,29.0432343,dVIUXgQ0x5m45rTKx5CQDg,41.08635547530287,29.04316156891072,346.2,166.20000000000005,-10
6,0009,street,left,uploaded,gs://cv-urban-accessibility-bucket/streetview/polygon_4v/20260516T074342Z/006-0009_left_41.0863361_29.0432343_256.2.jpg,41.0863361,29.0432343,dVIUXgQ0x5m45rTKx5CQDg,41.08635547530287,29.04316156891072,346.2,256.2,-40
6,0009,street,right,uploaded,gs://cv-urban-accessibility-bucket/streetview/polygon_4v/20260516T074342Z/006-0009_right_41.0863361_29.0432343_76.2.jpg,41.0863361,29.0432343,dVIUXgQ0x5m45rTKx5CQDg,41.08635547530287,29.04316156891072,346.2,76.19999999999999,-40
6,0010,street,forward,uploaded,gs://cv-urban-accessibility-bucket/streetview/polygon_4v/20260516T074342Z/006-0010_forward_41.0864236_29.0432058_346.2.jpg,41.0864236,29.0432058,JlPuUle_fUwxQT5M9RKQyQ,41.08644483256708,29.04313111439611,346.2,346.2,-10
6,0010,street,backward,uploaded,gs://cv-urban-accessibility-bucket/streetview/polygon_4v/20260516T074342Z/006-0010_backward_41.0864236_29.0432058_166.2.jpg,41.0864236,29.0432058,JlPuUle_fUwxQT5M9RKQyQ,41.08644483256708,29.04313111439611,346.2,166.20000000000005,-10
6,0010,street,left,uploaded,gs://cv-urban-accessibility-bucket/streetview/polygon_4v/20260516T074342Z/006-0010_left_41.0864236_29.0432058_256.2.jpg,41.0864236,29.0432058,JlPuUle_fUwxQT5M9RKQyQ,41.08644483256708,29.04313111439611,346.2,256.2,-40
6,0010,street,right,uploaded,gs://cv-urban-accessibility-bucket/streetview/polygon_4v/20260516T074342Z/006-0010_right_41.0864236_29.0432058_76.2.jpg,41.0864236,29.0432058,JlPuUle_fUwxQT5M9RKQyQ,41.08644483256708,29.04313111439611,346.2,76.19999999999999,-40
6,0011,street,forward,uploaded,gs://cv-urban-accessibility-bucket/streetview/polygon_4v/20260516T074342Z/006-0011_forward_41.086511_29.0431773_346.2.jpg,41.086511,29.0431773,b0S6mW2v2BmQNjCNOVHJkg,41.08653270174868,29.04310119260763,346.2,346.2,-10
6,0011,street,backward,uploaded,gs://cv-urban-accessibility-bucket/streetview/polygon_4v/20260516T074342Z/006-0011_backward_41.086511_29.0431773_166.2.jpg,41.086511,29.0431773,b0S6mW2v2BmQNjCNOVHJkg,41.08653270174868,29.04310119260763,346.2,166.20000000000005,-10
6,0011,street,left,uploaded,gs://cv-urban-accessibility-bucket/streetview/polygon_4v/20260516T074342Z/006-0011_left_41.086511_29.0431773_256.2.jpg,41.086511,29.0431773,b0S6mW2v2BmQNjCNOVHJkg,41.08653270174868,29.04310119260763,346.2,256.2,-40
6,0011,street,right,uploaded,gs://cv-urban-accessibility-bucket/streetview/polygon_4v/20260516T074342Z/006-0011_right_41.086511_29.0431773_76.2.jpg,41.086511,29.0431773,b0S6mW2v2BmQNjCNOVHJkg,41.08653270174868,29.04310119260763,346.2,76.19999999999999,-40
6,0012,street,forward,uploaded,gs://cv-urban-accessibility-bucket/streetview/polygon_4v/20260516T074342Z/006-0012_forward_41.0865984_29.0431488_346.2.jpg,41.0865984,29.0431488,t3ljEC1YZAbddIH2c-zjpA,41.08661918411733,29.04306168163169,346.2,346.2,-10
6,0012,street,backward,uploaded,gs://cv-urban-accessibility-bucket/streetview/polygon_4v/20260516T074342Z/006-0012_backward_41.0865984_29.0431488_166.2.jpg,41.0865984,29.0431488,t3ljEC1YZAbddIH2c-zjpA,41.08661918411733,29.04306168163169,346.2,166.20000000000005,-10
6,0012,street,left,uploaded,gs://cv-urban-accessibility-bucket/streetview/polygon_4v/20260516T074342Z/006-0012_left_41.0865984_29.0431488_256.2.jpg,41.0865984,29.0431488,t3ljEC1YZAbddIH2c-zjpA,41.08661918411733,29.04306168163169,346.2,256.2,-40
6,0012,street,right,uploaded,gs://cv-urban-accessibility-bucket/streetview/polygon_4v/20260516T074342Z/006-0012_right_41.0865984_29.0431488_76.2.jpg,41.0865984,29.0431488,t3ljEC1YZAbddIH2c-zjpA,41.08661918411733,29.04306168163169,346.2,76.19999999999999,-40
9,0013,street,forward,uploaded,gs://cv-urban-accessibility-bucket/streetview/polygon_4v/20260516T074342Z/009-0013_forward_41.0867038_29.0431149_346.7.jpg,41.0867038,29.0431149,GfqfTxK6Qn_izWhqpvEIcw,41.08671056092981,29.04304339115399,346.68,346.68,-10
9,0013,street,backward,uploaded,gs://cv-urban-accessibility-bucket/streetview/polygon_4v/20260516T074342Z/009-0013_backward_41.0867038_29.0431149_166.7.jpg,41.0867038,29.0431149,GfqfTxK6Qn_izWhqpvEIcw,41.08671056092981,29.04304339115399,346.68,166.68000000000006,-10
9,0013,street,left,uploaded,gs://cv-urban-accessibility-bucket/streetview/polygon_4v/20260516T074342Z/009-0013_left_41.0867038_29.0431149_256.7.jpg,41.0867038,29.0431149,GfqfTxK6Qn_izWhqpvEIcw,41.08671056092981,29.04304339115399,346.68,256.68,-40
9,0013,street,right,uploaded,gs://cv-urban-accessibility-bucket/streetview/polygon_4v/20260516T074342Z/009-0013_right_41.0867038_29.0431149_76.7.jpg,41.0867038,29.0431149,GfqfTxK6Qn_izWhqpvEIcw,41.08671056092981,29.04304339115399,346.68,76.68,-40
9,0014,street,forward,uploaded,gs://cv-urban-accessibility-bucket/streetview/polygon_4v/20260516T074342Z/009-0014_forward_41.0867914_29.0430874_346.7.jpg,41.0867914,29.0430874,VMOwCMx9Ny2--mhwMBT1SA,41.08679979606313,29.04301568906707,346.68,346.68,-10
9,0014,street,backward,uploaded,gs://cv-urban-accessibility-bucket/streetview/polygon_4v/20260516T074342Z/009-0014_backward_41.0867914_29.0430874_166.7.jpg,41.0867914,29.0430874,VMOwCMx9Ny2--mhwMBT1SA,41.08679979606313,29.04301568906707,346.68,166.68000000000006,-10
9,0014,street,left,uploaded,gs://cv-urban-accessibility-bucket/streetview/polygon_4v/20260516T074342Z/009-0014_left_41.0867914_29.0430874_256.7.jpg,41.0867914,29.0430874,VMOwCMx9Ny2--mhwMBT1SA,41.08679979606313,29.04301568906707,346.68,256.68,-40
9,0014,street,right,uploaded,gs://cv-urban-accessibility-bucket/streetview/polygon_4v/20260516T074342Z/009-0014_right_41.0867914_29.0430874_76.7.jpg,41.0867914,29.0430874,VMOwCMx9Ny2--mhwMBT1SA,41.08679979606313,29.04301568906707,346.68,76.68,-40
9,0015,street,forward,uploaded,gs://cv-urban-accessibility-bucket/streetview/polygon_4v/20260516T074342Z/009-0015_forward_41.086879_29.0430599_346.7.jpg,41.086879,29.0430599,WZvItry2y_tqhFwLPpfmmQ,41.08688858304991,29.04298807576391,346.68,346.68,-10
9,0015,street,backward,uploaded,gs://cv-urban-accessibility-bucket/streetview/polygon_4v/20260516T074342Z/009-0015_backward_41.086879_29.0430599_166.7.jpg,41.086879,29.0430599,WZvItry2y_tqhFwLPpfmmQ,41.08688858304991,29.04298807576391,346.68,166.68000000000006,-10
9,0015,street,left,uploaded,gs://cv-urban-accessibility-bucket/streetview/polygon_4v/20260516T074342Z/009-0015_left_41.086879_29.0430599_256.7.jpg,41.086879,29.0430599,WZvItry2y_tqhFwLPpfmmQ,41.08688858304991,29.04298807576391,346.68,256.68,-40
9,0015,street,right,uploaded,gs://cv-urban-accessibility-bucket/streetview/polygon_4v/20260516T074342Z/009-0015_right_41.086879_29.0430599_76.7.jpg,41.086879,29.0430599,WZvItry2y_tqhFwLPpfmmQ,41.08688858304991,29.04298807576391,346.68,76.68,-40
9,0016,street,forward,uploaded,gs://cv-urban-accessibility-bucket/streetview/polygon_4v/20260516T074342Z/009-0016_forward_41.0869666_29.0430324_346.6.jpg,41.0869666,29.0430324,pFV3DBL4R3yYM4k6Cnhhuw,41.08698657028719,29.04302367600274,346.62,346.62,-10
9,0016,street,backward,uploaded,gs://cv-urban-accessibility-bucket/streetview/polygon_4v/20260516T074342Z/009-0016_backward_41.0869666_29.0430324_166.6.jpg,41.0869666,29.0430324,pFV3DBL4R3yYM4k6Cnhhuw,41.08698657028719,29.04302367600274,346.62,166.62,-10
9,0016,street,left,uploaded,gs://cv-urban-accessibility-bucket/streetview/polygon_4v/20260516T074342Z/009-0016_left_41.0869666_29.0430324_256.6.jpg,41.0869666,29.0430324,pFV3DBL4R3yYM4k6Cnhhuw,41.08698657028719,29.04302367600274,346.62,256.62,-40
9,0016,street,right,uploaded,gs://cv-urban-accessibility-bucket/streetview/polygon_4v/20260516T074342Z/009-0016_right_41.0869666_29.0430324_76.6.jpg,41.0869666,29.0430324,pFV3DBL4R3yYM4k6Cnhhuw,41.08698657028719,29.04302367600274,346.62,76.62,-40
9,0017,street,forward,uploaded,gs://cv-urban-accessibility-bucket/streetview/polygon_4v/20260516T074342Z/009-0017_forward_41.0870542_29.0430048_347.0.jpg,41.0870542,29.0430048,HorKtJcB7OQ6sJlgjbzeGg,41.08706616956935,29.04292920880196,347.0,347.0,-10
9,0017,street,backward,uploaded,gs://cv-urban-accessibility-bucket/streetview/polygon_4v/20260516T074342Z/009-0017_backward_41.0870542_29.0430048_167.0.jpg,41.0870542,29.0430048,HorKtJcB7OQ6sJlgjbzeGg,41.08706616956935,29.04292920880196,347.0,167.0,-10
9,0017,street,left,uploaded,gs://cv-urban-accessibility-bucket/streetview/polygon_4v/20260516T074342Z/009-0017_left_41.0870542_29.0430048_257.0.jpg,41.0870542,29.0430048,HorKtJcB7OQ6sJlgjbzeGg,41.08706616956935,29.04292920880196,347.0,257.0,-40
9,0017,street,right,uploaded,gs://cv-urban-accessibility-bucket/streetview/polygon_4v/20260516T074342Z/009-0017_right_41.0870542_29.0430048_77.0.jpg,41.0870542,29.0430048,HorKtJcB7OQ6sJlgjbzeGg,41.08706616956935,29.04292920880196,347.0,77.0,-40
9,0018,street,forward,uploaded,gs://cv-urban-accessibility-bucket/streetview/polygon_4v/20260516T074342Z/009-0018_forward_41.0871419_29.0429779_347.0.jpg,41.0871419,29.0429779,nQd3XlgimJpPIbrPXVm0eg,41.08715732869357,29.04289733362005,347.0,347.0,-10
9,0018,street,backward,uploaded,gs://cv-urban-accessibility-bucket/streetview/polygon_4v/20260516T074342Z/009-0018_backward_41.0871419_29.0429779_167.0.jpg,41.0871419,29.0429779,nQd3XlgimJpPIbrPXVm0eg,41.08715732869357,29.04289733362005,347.0,167.0,-10
9,0018,street,left,uploaded,gs://cv-urban-accessibility-bucket/streetview/polygon_4v/20260516T074342Z/009-0018_left_41.0871419_29.0429779_257.0.jpg,41.0871419,29.0429779,nQd3XlgimJpPIbrPXVm0eg,41.08715732869357,29.04289733362005,347.0,257.0,-40
9,0018,street,right,uploaded,gs://cv-urban-accessibility-bucket/streetview/polygon_4v/20260516T074342Z/009-0018_right_41.0871419_29.0429779_77.0.jpg,41.0871419,29.0429779,nQd3XlgimJpPIbrPXVm0eg,41.08715732869357,29.04289733362005,347.0,77.0,-40
9,0019,street,forward,uploaded,gs://cv-urban-accessibility-bucket/streetview/polygon_4v/20260516T074342Z/009-0019_forward_41.0872735_29.0429376_347.0.jpg,41.0872735,29.0429376,H809g9YNF67lqH6Ul9A5Sg,41.08732704850062,29.04284139665524,347.0,347.0,-10
9,0019,street,backward,uploaded,gs://cv-urban-accessibility-bucket/streetview/polygon_4v/20260516T074342Z/009-0019_backward_41.0872735_29.0429376_167.0.jpg,41.0872735,29.0429376,H809g9YNF67lqH6Ul9A5Sg,41.08732704850062,29.04284139665524,347.0,167.0,-10
9,0019,street,left,uploaded,gs://cv-urban-accessibility-bucket/streetview/polygon_4v/20260516T074342Z/009-0019_left_41.0872735_29.0429376_257.0.jpg,41.0872735,29.0429376,H809g9YNF67lqH6Ul9A5Sg,41.08732704850062,29.04284139665524,347.0,257.0,-40
9,0019,street,right,uploaded,gs://cv-urban-accessibility-bucket/streetview/polygon_4v/20260516T074342Z/009-0019_right_41.0872735_29.0429376_77.0.jpg,41.0872735,29.0429376,H809g9YNF67lqH6Ul9A5Sg,41.08732704850062,29.04284139665524,347.0,77.0,-40
10,0020,street,forward,uploaded,gs://cv-urban-accessibility-bucket/streetview/polygon_4v/20260516T074342Z/010-0020_forward_41.0872744_29.0428026_76.0.jpg,41.0872744,29.0428026,46MvlDxVMXnIq3MPRpX5iA,41.08723192499894,29.04282967652669,76.04,76.04,-10
10,0020,street,backward,uploaded,gs://cv-urban-accessibility-bucket/streetview/polygon_4v/20260516T074342Z/010-0020_backward_41.0872744_29.0428026_256.0.jpg,41.0872744,29.0428026,46MvlDxVMXnIq3MPRpX5iA,41.08723192499894,29.04282967652669,76.04,256.04,-10
10,0020,street,left,uploaded,gs://cv-urban-accessibility-bucket/streetview/polygon_4v/20260516T074342Z/010-0020_left_41.0872744_29.0428026_346.0.jpg,41.0872744,29.0428026,46MvlDxVMXnIq3MPRpX5iA,41.08723192499894,29.04282967652669,76.04,346.04,-40
10,0020,street,right,uploaded,gs://cv-urban-accessibility-bucket/streetview/polygon_4v/20260516T074342Z/010-0020_right_41.0872744_29.0428026_166.0.jpg,41.0872744,29.0428026,46MvlDxVMXnIq3MPRpX5iA,41.08723192499894,29.04282967652669,76.04,166.04000000000002,-40
10,0021,street,forward,uploaded,gs://cv-urban-accessibility-bucket/streetview/polygon_4v/20260516T074342Z/010-0021_forward_41.0872636_29.0427448_76.0.jpg,41.0872636,29.0427448,7aQ--OTyDjygyYYPJKqA4Q,41.08722261623765,29.04268512820077,76.04,76.04,-10
10,0021,street,backward,uploaded,gs://cv-urban-accessibility-bucket/streetview/polygon_4v/20260516T074342Z/010-0021_backward_41.0872636_29.0427448_256.0.jpg,41.0872636,29.0427448,7aQ--OTyDjygyYYPJKqA4Q,41.08722261623765,29.04268512820077,76.04,256.04,-10
10,0021,street,left,uploaded,gs://cv-urban-accessibility-bucket/streetview/polygon_4v/20260516T074342Z/010-0021_left_41.0872636_29.0427448_346.0.jpg,41.0872636,29.0427448,7aQ--OTyDjygyYYPJKqA4Q,41.08722261623765,29.04268512820077,76.04,346.04,-40
10,0021,street,right,uploaded,gs://cv-urban-accessibility-bucket/streetview/polygon_4v/20260516T074342Z/010-0021_right_41.0872636_29.0427448_166.0.jpg,41.0872636,29.0427448,7aQ--OTyDjygyYYPJKqA4Q,41.08722261623765,29.04268512820077,76.04,166.04000000000002,-40
10,0022,street,forward,uploaded,gs://cv-urban-accessibility-bucket/streetview/polygon_4v/20260516T074342Z/010-0022_forward_41.0872311_29.0425715_76.0.jpg,41.0872311,29.0425715,qq4Js3Ql-8DbCuLzHSI04w,41.08721493282427,29.04256393124978,76.03,76.03,-10
10,0022,street,backward,uploaded,gs://cv-urban-accessibility-bucket/streetview/polygon_4v/20260516T074342Z/010-0022_backward_41.0872311_29.0425715_256.0.jpg,41.0872311,29.0425715,qq4Js3Ql-8DbCuLzHSI04w,41.08721493282427,29.04256393124978,76.03,256.03,-10
10,0022,street,left,uploaded,gs://cv-urban-accessibility-bucket/streetview/polygon_4v/20260516T074342Z/010-0022_left_41.0872311_29.0425715_346.0.jpg,41.0872311,29.0425715,qq4Js3Ql-8DbCuLzHSI04w,41.08721493282427,29.04256393124978,76.03,346.03,-40
10,0022,street,right,uploaded,gs://cv-urban-accessibility-bucket/streetview/polygon_4v/20260516T074342Z/010-0022_right_41.0872311_29.0425715_166.0.jpg,41.0872311,29.0425715,qq4Js3Ql-8DbCuLzHSI04w,41.08721493282427,29.04256393124978,76.03,166.03,-40
10,0023,street,forward,uploaded,gs://cv-urban-accessibility-bucket/streetview/polygon_4v/20260516T074342Z/010-0023_forward_41.0872249_29.0424529_86.5.jpg,41.0872249,29.0424529,D_awi7oKMb0p1ze8SH0NPQ,41.08720734203989,29.04244522029705,86.54,86.54,-10
10,0023,street,backward,uploaded,gs://cv-urban-accessibility-bucket/streetview/polygon_4v/20260516T074342Z/010-0023_backward_41.0872249_29.0424529_266.5.jpg,41.0872249,29.0424529,D_awi7oKMb0p1ze8SH0NPQ,41.08720734203989,29.04244522029705,86.54,266.54,-10
10,0023,street,left,uploaded,gs://cv-urban-accessibility-bucket/streetview/polygon_4v/20260516T074342Z/010-0023_left_41.0872249_29.0424529_356.5.jpg,41.0872249,29.0424529,D_awi7oKMb0p1ze8SH0NPQ,41.08720734203989,29.04244522029705,86.54,356.54,-40
10,0023,street,right,uploaded,gs://cv-urban-accessibility-bucket/streetview/polygon_4v/20260516T074342Z/010-0023_right_41.0872249_29.0424529_176.5.jpg,41.0872249,29.0424529,D_awi7oKMb0p1ze8SH0NPQ,41.08720734203989,29.04244522029705,86.54,176.54000000000002,-40
10,0024,street,forward,uploaded,gs://cv-urban-accessibility-bucket/streetview/polygon_4v/20260516T074342Z/010-0024_forward_41.0872195_29.0423341_86.5.jpg,41.0872195,29.0423341,MVkTblXIju0olu6pa0C6mg,41.08719968314827,29.04232624288479,86.54,86.54,-10
10,0024,street,backward,uploaded,gs://cv-urban-accessibility-bucket/streetview/polygon_4v/20260516T074342Z/010-0024_backward_41.0872195_29.0423341_266.5.jpg,41.0872195,29.0423341,MVkTblXIju0olu6pa0C6mg,41.08719968314827,29.04232624288479,86.54,266.54,-10
10,0024,street,left,uploaded,gs://cv-urban-accessibility-bucket/streetview/polygon_4v/20260516T074342Z/010-0024_left_41.0872195_29.0423341_356.5.jpg,41.0872195,29.0423341,MVkTblXIju0olu6pa0C6mg,41.08719968314827,29.04232624288479,86.54,356.54,-40
10,0024,street,right,uploaded,gs://cv-urban-accessibility-bucket/streetview/polygon_4v/20260516T074342Z/010-0024_right_41.0872195_29.0423341_176.5.jpg,41.0872195,29.0423341,MVkTblXIju0olu6pa0C6mg,41.08719968314827,29.04232624288479,86.54,176.54000000000002,-40
10,0025,street,forward,uploaded,gs://cv-urban-accessibility-bucket/streetview/polygon_4v/20260516T074342Z/010-0025_forward_41.087214_29.0422153_86.5.jpg,41.087214,29.0422153,Wq_es4CIfqEkaOx0USC_gg,41.08719165328876,29.04219962950718,86.54,86.54,-10
10,0025,street,backward,uploaded,gs://cv-urban-accessibility-bucket/streetview/polygon_4v/20260516T074342Z/010-0025_backward_41.087214_29.0422153_266.5.jpg,41.087214,29.0422153,Wq_es4CIfqEkaOx0USC_gg,41.08719165328876,29.04219962950718,86.54,266.54,-10
10,0025,street,left,uploaded,gs://cv-urban-accessibility-bucket/streetview/polygon_4v/20260516T074342Z/010-0025_left_41.087214_29.0422153_356.5.jpg,41.087214,29.0422153,Wq_es4CIfqEkaOx0USC_gg,41.08719165328876,29.04219962950718,86.54,356.54,-40
10,0025,street,right,uploaded,gs://cv-urban-accessibility-bucket/streetview/polygon_4v/20260516T074342Z/010-0025_right_41.087214_29.0422153_176.5.jpg,41.087214,29.0422153,Wq_es4CIfqEkaOx0USC_gg,41.08719165328876,29.04219962950718,86.54,176.54000000000002,-40
10,0026,street,forward,uploaded,gs://cv-urban-accessibility-bucket/streetview/polygon_4v/20260516T074342Z/010-0026_forward_41.0872086_29.0420965_86.5.jpg,41.0872086,29.0420965,xLzTg1zALvrjwWYJPkC8Vg,41.08718430178509,29.04208518015774,86.54,86.54,-10
10,0026,street,backward,uploaded,gs://cv-urban-accessibility-bucket/streetview/polygon_4v/20260516T074342Z/010-0026_backward_41.0872086_29.0420965_266.5.jpg,41.0872086,29.0420965,xLzTg1zALvrjwWYJPkC8Vg,41.08718430178509,29.04208518015774,86.54,266.54,-10
10,0026,street,left,uploaded,gs://cv-urban-accessibility-bucket/streetview/polygon_4v/20260516T074342Z/010-0026_left_41.0872086_29.0420965_356.5.jpg,41.0872086,29.0420965,xLzTg1zALvrjwWYJPkC8Vg,41.08718430178509,29.04208518015774,86.54,356.54,-40
10,0026,street,right,uploaded,gs://cv-urban-accessibility-bucket/streetview/polygon_4v/20260516T074342Z/010-0026_right_41.0872086_29.0420965_176.5.jpg,41.0872086,29.0420965,xLzTg1zALvrjwWYJPkC8Vg,41.08718430178509,29.04208518015774,86.54,176.54000000000002,-40
10,0027,street,forward,uploaded,gs://cv-urban-accessibility-bucket/streetview/polygon_4v/20260516T074342Z/010-0027_forward_41.0872032_29.0419777_86.5.jpg,41.0872032,29.0419777,WjeMiAKY9SM7QrqfQIkYjw,41.08717802879231,29.04198760069913,86.54,86.54,-10
10,0027,street,backward,uploaded,gs://cv-urban-accessibility-bucket/streetview/polygon_4v/20260516T074342Z/010-0027_backward_41.0872032_29.0419777_266.5.jpg,41.0872032,29.0419777,WjeMiAKY9SM7QrqfQIkYjw,41.08717802879231,29.04198760069913,86.54,266.54,-10
10,0027,street,left,uploaded,gs://cv-urban-accessibility-bucket/streetview/polygon_4v/20260516T074342Z/010-0027_left_41.0872032_29.0419777_356.5.jpg,41.0872032,29.0419777,WjeMiAKY9SM7QrqfQIkYjw,41.08717802879231,29.04198760069913,86.54,356.54,-40
10,0027,street,right,uploaded,gs://cv-urban-accessibility-bucket/streetview/polygon_4v/20260516T074342Z/010-0027_right_41.0872032_29.0419777_176.5.jpg,41.0872032,29.0419777,WjeMiAKY9SM7QrqfQIkYjw,41.08717802879231,29.04198760069913,86.54,176.54000000000002,-40
4,0028,street,forward,uploaded,gs://cv-urban-accessibility-bucket/streetview/polygon_4v/20260516T074342Z/004-0028_forward_41.0872368_29.0419536_36.3.jpg,41.0872368,29.0419536,ClgOUXPPwZcXpTJ11zsCAA,41.08722655459189,29.04190999879227,36.26,36.26,-10
4,0028,street,backward,uploaded,gs://cv-urban-accessibility-bucket/streetview/polygon_4v/20260516T074342Z/004-0028_backward_41.0872368_29.0419536_216.3.jpg,41.0872368,29.0419536,ClgOUXPPwZcXpTJ11zsCAA,41.08722655459189,29.04190999879227,36.26,216.26,-10
4,0028,street,left,uploaded,gs://cv-urban-accessibility-bucket/streetview/polygon_4v/20260516T074342Z/004-0028_left_41.0872368_29.0419536_306.3.jpg,41.0872368,29.0419536,ClgOUXPPwZcXpTJ11zsCAA,41.08722655459189,29.04190999879227,36.26,306.26,-40
4,0028,street,right,uploaded,gs://cv-urban-accessibility-bucket/streetview/polygon_4v/20260516T074342Z/004-0028_right_41.0872368_29.0419536_126.3.jpg,41.0872368,29.0419536,ClgOUXPPwZcXpTJ11zsCAA,41.08722655459189,29.04190999879227,36.26,126.25999999999999,-40
4,0029,street,forward,uploaded,gs://cv-urban-accessibility-bucket/streetview/polygon_4v/20260516T074342Z/004-0029_forward_41.087273_29.0419889_36.3.jpg,41.087273,29.0419889,wVYXYBmAIUZPqJum2rhlEA,41.08730166291858,29.04197472624363,36.26,36.26,-10
4,0029,street,backward,uploaded,gs://cv-urban-accessibility-bucket/streetview/polygon_4v/20260516T074342Z/004-0029_backward_41.087273_29.0419889_216.3.jpg,41.087273,29.0419889,wVYXYBmAIUZPqJum2rhlEA,41.08730166291858,29.04197472624363,36.26,216.26,-10
4,0029,street,left,uploaded,gs://cv-urban-accessibility-bucket/streetview/polygon_4v/20260516T074342Z/004-0029_left_41.087273_29.0419889_306.3.jpg,41.087273,29.0419889,wVYXYBmAIUZPqJum2rhlEA,41.08730166291858,29.04197472624363,36.26,306.26,-40
4,0029,street,right,uploaded,gs://cv-urban-accessibility-bucket/streetview/polygon_4v/20260516T074342Z/004-0029_right_41.087273_29.0419889_126.3.jpg,41.087273,29.0419889,wVYXYBmAIUZPqJum2rhlEA,41.08730166291858,29.04197472624363,36.26,126.25999999999999,-40
4,0030,street,forward,uploaded,gs://cv-urban-accessibility-bucket/streetview/polygon_4v/20260516T074342Z/004-0030_forward_41.0873455_29.0420594_36.3.jpg,41.0873455,29.0420594,pqXXW8nt2-dHTF-X9PXYew,41.08737298260582,29.04205117385666,36.26,36.26,-10
4,0030,street,backward,uploaded,gs://cv-urban-accessibility-bucket/streetview/polygon_4v/20260516T074342Z/004-0030_backward_41.0873455_29.0420594_216.3.jpg,41.0873455,29.0420594,pqXXW8nt2-dHTF-X9PXYew,41.08737298260582,29.04205117385666,36.26,216.26,-10
4,0030,street,left,uploaded,gs://cv-urban-accessibility-bucket/streetview/polygon_4v/20260516T074342Z/004-0030_left_41.0873455_29.0420594_306.3.jpg,41.0873455,29.0420594,pqXXW8nt2-dHTF-X9PXYew,41.08737298260582,29.04205117385666,36.26,306.26,-40
4,0030,street,right,uploaded,gs://cv-urban-accessibility-bucket/streetview/polygon_4v/20260516T074342Z/004-0030_right_41.0873455_29.0420594_126.3.jpg,41.0873455,29.0420594,pqXXW8nt2-dHTF-X9PXYew,41.08737298260582,29.04205117385666,36.26,126.25999999999999,-40
4,0031,street,forward,uploaded,gs://cv-urban-accessibility-bucket/streetview/polygon_4v/20260516T074342Z/004-0031_forward_41.087417_29.0421317_39.4.jpg,41.087417,29.0421317,NbGehbeI0okWqxSaVy7F5g,41.08744269513097,29.04213064026644,39.41,39.41,-10
4,0031,street,backward,uploaded,gs://cv-urban-accessibility-bucket/streetview/polygon_4v/20260516T074342Z/004-0031_backward_41.087417_29.0421317_219.4.jpg,41.087417,29.0421317,NbGehbeI0okWqxSaVy7F5g,41.08744269513097,29.04213064026644,39.41,219.41,-10
4,0031,street,left,uploaded,gs://cv-urban-accessibility-bucket/streetview/polygon_4v/20260516T074342Z/004-0031_left_41.087417_29.0421317_309.4.jpg,41.087417,29.0421317,NbGehbeI0okWqxSaVy7F5g,41.08744269513097,29.04213064026644,39.41,309.40999999999997,-40
4,0031,street,right,uploaded,gs://cv-urban-accessibility-bucket/streetview/polygon_4v/20260516T074342Z/004-0031_right_41.087417_29.0421317_129.4.jpg,41.087417,29.0421317,NbGehbeI0okWqxSaVy7F5g,41.08744269513097,29.04213064026644,39.41,129.41,-40
4,0032,street,forward,uploaded,gs://cv-urban-accessibility-bucket/streetview/polygon_4v/20260516T074342Z/004-0032_forward_41.0874865_29.0422074_39.4.jpg,41.0874865,29.0422074,hyyG0mqpisjCSwGXuVyasA,41.08752287771531,29.04222209317859,39.41,39.41,-10
4,0032,street,backward,uploaded,gs://cv-urban-accessibility-bucket/streetview/polygon_4v/20260516T074342Z/004-0032_backward_41.0874865_29.0422074_219.4.jpg,41.0874865,29.0422074,hyyG0mqpisjCSwGXuVyasA,41.08752287771531,29.04222209317859,39.41,219.41,-10
4,0032,street,left,uploaded,gs://cv-urban-accessibility-bucket/streetview/polygon_4v/20260516T074342Z/004-0032_left_41.0874865_29.0422074_309.4.jpg,41.0874865,29.0422074,hyyG0mqpisjCSwGXuVyasA,41.08752287771531,29.04222209317859,39.41,309.40999999999997,-40
4,0032,street,right,uploaded,gs://cv-urban-accessibility-bucket/streetview/polygon_4v/20260516T074342Z/004-0032_right_41.0874865_29.0422074_129.4.jpg,41.0874865,29.0422074,hyyG0mqpisjCSwGXuVyasA,41.08752287771531,29.04222209317859,39.41,129.41,-40
4,0033,street,forward,uploaded,gs://cv-urban-accessibility-bucket/streetview/polygon_4v/20260516T074342Z/004-0033_forward_41.087556_29.0422831_39.4.jpg,41.087556,29.0422831,TLDKjxiZWiurn4DJBqKnxA,41.08759091399207,29.0422996949272,39.41,39.41,-10
4,0033,street,backward,uploaded,gs://cv-urban-accessibility-bucket/streetview/polygon_4v/20260516T074342Z/004-0033_backward_41.087556_29.0422831_219.4.jpg,41.087556,29.0422831,TLDKjxiZWiurn4DJBqKnxA,41.08759091399207,29.0422996949272,39.41,219.41,-10
4,0033,street,left,uploaded,gs://cv-urban-accessibility-bucket/streetview/polygon_4v/20260516T074342Z/004-0033_left_41.087556_29.0422831_309.4.jpg,41.087556,29.0422831,TLDKjxiZWiurn4DJBqKnxA,41.08759091399207,29.0422996949272,39.41,309.40999999999997,-40
4,0033,street,right,uploaded,gs://cv-urban-accessibility-bucket/streetview/polygon_4v/20260516T074342Z/004-0033_right_41.087556_29.0422831_129.4.jpg,41.087556,29.0422831,TLDKjxiZWiurn4DJBqKnxA,41.08759091399207,29.0422996949272,39.41,129.41,-40
4,0034,street,forward,uploaded,gs://cv-urban-accessibility-bucket/streetview/polygon_4v/20260516T074342Z/004-0034_forward_41.0876255_29.0423589_36.5.jpg,41.0876255,29.0423589,lMmye1Kjg_04dffhDobKdA,41.08766276604605,29.04238164730321,36.48,36.48,-10
4,0034,street,backward,uploaded,gs://cv-urban-accessibility-bucket/streetview/polygon_4v/20260516T074342Z/004-0034_backward_41.0876255_29.0423589_216.5.jpg,41.0876255,29.0423589,lMmye1Kjg_04dffhDobKdA,41.08766276604605,29.04238164730321,36.48,216.48,-10
4,0034,street,left,uploaded,gs://cv-urban-accessibility-bucket/streetview/polygon_4v/20260516T074342Z/004-0034_left_41.0876255_29.0423589_306.5.jpg,41.0876255,29.0423589,lMmye1Kjg_04dffhDobKdA,41.08766276604605,29.04238164730321,36.48,306.48,-40
4,0034,street,right,uploaded,gs://cv-urban-accessibility-bucket/streetview/polygon_4v/20260516T074342Z/004-0034_right_41.0876255_29.0423589_126.5.jpg,41.0876255,29.0423589,lMmye1Kjg_04dffhDobKdA,41.08766276604605,29.04238164730321,36.48,126.47999999999999,-40
4,0035,street,forward,uploaded,gs://cv-urban-accessibility-bucket/streetview/polygon_4v/20260516T074342Z/004-0035_forward_41.0876981_29.0424291_35.7.jpg,41.0876981,29.0424291,C3BPlUGQ27W0pN8QZzXu3A,41.08773317566216,29.04246191264301,35.67,35.67,-10
4,0035,street,backward,uploaded,gs://cv-urban-accessibility-bucket/streetview/polygon_4v/20260516T074342Z/004-0035_backward_41.0876981_29.0424291_215.7.jpg,41.0876981,29.0424291,C3BPlUGQ27W0pN8QZzXu3A,41.08773317566216,29.04246191264301,35.67,215.67000000000002,-10
4,0035,street,left,uploaded,gs://cv-urban-accessibility-bucket/streetview/polygon_4v/20260516T074342Z/004-0035_left_41.0876981_29.0424291_305.7.jpg,41.0876981,29.0424291,C3BPlUGQ27W0pN8QZzXu3A,41.08773317566216,29.04246191264301,35.67,305.67,-40
4,0035,street,right,uploaded,gs://cv-urban-accessibility-bucket/streetview/polygon_4v/20260516T074342Z/004-0035_right_41.0876981_29.0424291_125.7.jpg,41.0876981,29.0424291,C3BPlUGQ27W0pN8QZzXu3A,41.08773317566216,29.04246191264301,35.67,125.67,-40
4,0036,street,forward,uploaded,gs://cv-urban-accessibility-bucket/streetview/polygon_4v/20260516T074342Z/004-0036_forward_41.0877712_29.0424987_35.7.jpg,41.0877712,29.0424987,_P9hCC2GVf-CT0Tis9k5lQ,41.08779911812881,29.04254173399561,35.67,35.67,-10
4,0036,street,backward,uploaded,gs://cv-urban-accessibility-bucket/streetview/polygon_4v/20260516T074342Z/004-0036_backward_41.0877712_29.0424987_215.7.jpg,41.0877712,29.0424987,_P9hCC2GVf-CT0Tis9k5lQ,41.08779911812881,29.04254173399561,35.67,215.67000000000002,-10
4,0036,street,left,uploaded,gs://cv-urban-accessibility-bucket/streetview/polygon_4v/20260516T074342Z/004-0036_left_41.0877712_29.0424987_305.7.jpg,41.0877712,29.0424987,_P9hCC2GVf-CT0Tis9k5lQ,41.08779911812881,29.04254173399561,35.67,305.67,-40
4,0036,street,right,uploaded,gs://cv-urban-accessibility-bucket/streetview/polygon_4v/20260516T074342Z/004-0036_right_41.0877712_29.0424987_125.7.jpg,41.0877712,29.0424987,_P9hCC2GVf-CT0Tis9k5lQ,41.08779911812881,29.04254173399561,35.67,125.67,-40
5,0037,street,forward,uploaded,gs://cv-urban-accessibility-bucket/streetview/polygon_4v/20260516T074342Z/005-0037_forward_41.0878068_29.042615_69.9.jpg,41.0878068,29.042615,R6IMwHDwajd35iLmEQN9Og,41.08784937189826,29.04264188798092,69.88,69.88,-10
5,0037,street,backward,uploaded,gs://cv-urban-accessibility-bucket/streetview/polygon_4v/20260516T074342Z/005-0037_backward_41.0878068_29.042615_249.9.jpg,41.0878068,29.042615,R6IMwHDwajd35iLmEQN9Og,41.08784937189826,29.04264188798092,69.88,249.88,-10
5,0037,street,left,uploaded,gs://cv-urban-accessibility-bucket/streetview/polygon_4v/20260516T074342Z/005-0037_left_41.0878068_29.042615_339.9.jpg,41.0878068,29.042615,R6IMwHDwajd35iLmEQN9Og,41.08784937189826,29.04264188798092,69.88,339.88,-40
5,0037,street,right,uploaded,gs://cv-urban-accessibility-bucket/streetview/polygon_4v/20260516T074342Z/005-0037_right_41.0878068_29.042615_159.9.jpg,41.0878068,29.042615,R6IMwHDwajd35iLmEQN9Og,41.08784937189826,29.04264188798092,69.88,159.88,-40
8,0038,street,forward,uploaded,gs://cv-urban-accessibility-bucket/streetview/polygon_4v/20260516T074342Z/008-0038_forward_41.087809_29.0427135_330.6.jpg,41.087809,29.0427135,ir_CI9NTWi6OyzLhgYqx_Q,41.08777086881709,29.04269551650639,330.62,330.62,-10
8,0038,street,backward,uploaded,gs://cv-urban-accessibility-bucket/streetview/polygon_4v/20260516T074342Z/008-0038_backward_41.087809_29.0427135_150.6.jpg,41.087809,29.0427135,ir_CI9NTWi6OyzLhgYqx_Q,41.08777086881709,29.04269551650639,330.62,150.62,-10
8,0038,street,left,uploaded,gs://cv-urban-accessibility-bucket/streetview/polygon_4v/20260516T074342Z/008-0038_left_41.087809_29.0427135_240.6.jpg,41.087809,29.0427135,ir_CI9NTWi6OyzLhgYqx_Q,41.08777086881709,29.04269551650639,330.62,240.62,-40
8,0038,street,right,uploaded,gs://cv-urban-accessibility-bucket/streetview/polygon_4v/20260516T074342Z/008-0038_right_41.087809_29.0427135_60.6.jpg,41.087809,29.0427135,ir_CI9NTWi6OyzLhgYqx_Q,41.08777086881709,29.04269551650639,330.62,60.620000000000005,-40
8,0039,street,forward,uploaded,gs://cv-urban-accessibility-bucket/streetview/polygon_4v/20260516T074342Z/008-0039_forward_41.0877306_29.042772_330.6.jpg,41.0877306,29.042772,J2SRsHvS829Np0MLGVJDkA,41.08768548375244,29.0427289899308,330.62,330.62,-10
8,0039,street,backward,uploaded,gs://cv-urban-accessibility-bucket/streetview/polygon_4v/20260516T074342Z/008-0039_backward_41.0877306_29.042772_150.6.jpg,41.0877306,29.042772,J2SRsHvS829Np0MLGVJDkA,41.08768548375244,29.0427289899308,330.62,150.62,-10
8,0039,street,left,uploaded,gs://cv-urban-accessibility-bucket/streetview/polygon_4v/20260516T074342Z/008-0039_left_41.0877306_29.042772_240.6.jpg,41.0877306,29.042772,J2SRsHvS829Np0MLGVJDkA,41.08768548375244,29.0427289899308,330.62,240.62,-40
8,0039,street,right,uploaded,gs://cv-urban-accessibility-bucket/streetview/polygon_4v/20260516T074342Z/008-0039_right_41.0877306_29.042772_60.6.jpg,41.0877306,29.042772,J2SRsHvS829Np0MLGVJDkA,41.08768548375244,29.0427289899308,330.62,60.620000000000005,-40
8,0040,street,forward,uploaded,gs://cv-urban-accessibility-bucket/streetview/polygon_4v/20260516T074342Z/008-0040_forward_41.0876483_29.0428174_344.3.jpg,41.0876483,29.0428174,3huq8EeXOTZmCRCeRqS4nQ,41.08759839487357,29.04275633691402,344.29,344.29,-10
8,0040,street,backward,uploaded,gs://cv-urban-accessibility-bucket/streetview/polygon_4v/20260516T074342Z/008-0040_backward_41.0876483_29.0428174_164.3.jpg,41.0876483,29.0428174,3huq8EeXOTZmCRCeRqS4nQ,41.08759839487357,29.04275633691402,344.29,164.28999999999996,-10
8,0040,street,left,uploaded,gs://cv-urban-accessibility-bucket/streetview/polygon_4v/20260516T074342Z/008-0040_left_41.0876483_29.0428174_254.3.jpg,41.0876483,29.0428174,3huq8EeXOTZmCRCeRqS4nQ,41.08759839487357,29.04275633691402,344.29,254.29000000000002,-40
8,0040,street,right,uploaded,gs://cv-urban-accessibility-bucket/streetview/polygon_4v/20260516T074342Z/008-0040_right_41.0876483_29.0428174_74.3.jpg,41.0876483,29.0428174,3huq8EeXOTZmCRCeRqS4nQ,41.08759839487357,29.04275633691402,344.29,74.29000000000002,-40
8,0041,street,forward,uploaded,gs://cv-urban-accessibility-bucket/streetview/polygon_4v/20260516T074342Z/008-0041_forward_41.0875608_29.0428456_346.4.jpg,41.0875608,29.0428456,vU9PAVzHGKF2B9qlou7NTg,41.08750899248537,29.04278439420341,346.37,346.37,-10
8,0041,street,backward,uploaded,gs://cv-urban-accessibility-bucket/streetview/polygon_4v/20260516T074342Z/008-0041_backward_41.0875608_29.0428456_166.4.jpg,41.0875608,29.0428456,vU9PAVzHGKF2B9qlou7NTg,41.08750899248537,29.04278439420341,346.37,166.37,-10
8,0041,street,left,uploaded,gs://cv-urban-accessibility-bucket/streetview/polygon_4v/20260516T074342Z/008-0041_left_41.0875608_29.0428456_256.4.jpg,41.0875608,29.0428456,vU9PAVzHGKF2B9qlou7NTg,41.08750899248537,29.04278439420341,346.37,256.37,-40
8,0041,street,right,uploaded,gs://cv-urban-accessibility-bucket/streetview/polygon_4v/20260516T074342Z/008-0041_right_41.0875608_29.0428456_76.4.jpg,41.0875608,29.0428456,vU9PAVzHGKF2B9qlou7NTg,41.08750899248537,29.04278439420341,346.37,76.37,-40
8,0042,street,forward,uploaded,gs://cv-urban-accessibility-bucket/streetview/polygon_4v/20260516T074342Z/008-0042_forward_41.0874733_29.0428737_346.4.jpg,41.0874733,29.0428737,iQVxG6wIJcEqeW2gMYp0iQ,41.08741822147734,29.04281280664311,346.37,346.37,-10
8,0042,street,backward,uploaded,gs://cv-urban-accessibility-bucket/streetview/polygon_4v/20260516T074342Z/008-0042_backward_41.0874733_29.0428737_166.4.jpg,41.0874733,29.0428737,iQVxG6wIJcEqeW2gMYp0iQ,41.08741822147734,29.04281280664311,346.37,166.37,-10
8,0042,street,left,uploaded,gs://cv-urban-accessibility-bucket/streetview/polygon_4v/20260516T074342Z/008-0042_left_41.0874733_29.0428737_256.4.jpg,41.0874733,29.0428737,iQVxG6wIJcEqeW2gMYp0iQ,41.08741822147734,29.04281280664311,346.37,256.37,-40
8,0042,street,right,uploaded,gs://cv-urban-accessibility-bucket/streetview/polygon_4v/20260516T074342Z/008-0042_right_41.0874733_29.0428737_76.4.jpg,41.0874733,29.0428737,iQVxG6wIJcEqeW2gMYp0iQ,41.08741822147734,29.04281280664311,346.37,76.37,-40
3,0043,street,forward,uploaded,gs://cv-urban-accessibility-bucket/streetview/polygon_4v/20260516T074342Z/003-0043_forward_41.0871388_29.0419027_10.8.jpg,41.0871388,29.0419027,9ixIyEyy6BNStiDeyNAaEg,41.08714182977269,29.0418679126158,10.79,10.79,-10
3,0043,street,backward,uploaded,gs://cv-urban-accessibility-bucket/streetview/polygon_4v/20260516T074342Z/003-0043_backward_41.0871388_29.0419027_190.8.jpg,41.0871388,29.0419027,9ixIyEyy6BNStiDeyNAaEg,41.08714182977269,29.0418679126158,10.79,190.79,-10
3,0043,street,left,uploaded,gs://cv-urban-accessibility-bucket/streetview/polygon_4v/20260516T074342Z/003-0043_left_41.0871388_29.0419027_280.8.jpg,41.0871388,29.0419027,9ixIyEyy6BNStiDeyNAaEg,41.08714182977269,29.0418679126158,10.79,280.78999999999996,-40
3,0043,street,right,uploaded,gs://cv-urban-accessibility-bucket/streetview/polygon_4v/20260516T074342Z/003-0043_right_41.0871388_29.0419027_100.8.jpg,41.0871388,29.0419027,9ixIyEyy6BNStiDeyNAaEg,41.08714182977269,29.0418679126158,10.79,100.78999999999999,-40
3,0044,street,forward,uploaded,gs://cv-urban-accessibility-bucket/streetview/polygon_4v/20260516T074342Z/003-0044_forward_41.0870504_29.0418803_10.8.jpg,41.0870504,29.0418803,AsWcxe_U1k6FBkkqF_0jNw,41.08705009715186,29.04184411705099,10.79,10.79,-10
3,0044,street,backward,uploaded,gs://cv-urban-accessibility-bucket/streetview/polygon_4v/20260516T074342Z/003-0044_backward_41.0870504_29.0418803_190.8.jpg,41.0870504,29.0418803,AsWcxe_U1k6FBkkqF_0jNw,41.08705009715186,29.04184411705099,10.79,190.79,-10
3,0044,street,left,uploaded,gs://cv-urban-accessibility-bucket/streetview/polygon_4v/20260516T074342Z/003-0044_left_41.0870504_29.0418803_280.8.jpg,41.0870504,29.0418803,AsWcxe_U1k6FBkkqF_0jNw,41.08705009715186,29.04184411705099,10.79,280.78999999999996,-40
3,0044,street,right,uploaded,gs://cv-urban-accessibility-bucket/streetview/polygon_4v/20260516T074342Z/003-0044_right_41.0870504_29.0418803_100.8.jpg,41.0870504,29.0418803,AsWcxe_U1k6FBkkqF_0jNw,41.08705009715186,29.04184411705099,10.79,100.78999999999999,-40
3,0045,street,forward,uploaded,gs://cv-urban-accessibility-bucket/streetview/polygon_4v/20260516T074342Z/003-0045_forward_41.086962_29.041858_10.8.jpg,41.086962,29.041858,3iP3MoNwHCtsyJsdpPe4_Q,41.0869589443401,29.04182822374258,10.79,10.79,-10
3,0045,street,backward,uploaded,gs://cv-urban-accessibility-bucket/streetview/polygon_4v/20260516T074342Z/003-0045_backward_41.086962_29.041858_190.8.jpg,41.086962,29.041858,3iP3MoNwHCtsyJsdpPe4_Q,41.0869589443401,29.04182822374258,10.79,190.79,-10
3,0045,street,left,uploaded,gs://cv-urban-accessibility-bucket/streetview/polygon_4v/20260516T074342Z/003-0045_left_41.086962_29.041858_280.8.jpg,41.086962,29.041858,3iP3MoNwHCtsyJsdpPe4_Q,41.0869589443401,29.04182822374258,10.79,280.78999999999996,-40
3,0045,street,right,uploaded,gs://cv-urban-accessibility-bucket/streetview/polygon_4v/20260516T074342Z/003-0045_right_41.086962_29.041858_100.8.jpg,41.086962,29.041858,3iP3MoNwHCtsyJsdpPe4_Q,41.0869589443401,29.04182822374258,10.79,100.78999999999999,-40
3,0046,street,forward,uploaded,gs://cv-urban-accessibility-bucket/streetview/polygon_4v/20260516T074342Z/003-0046_forward_41.0868728_29.0418418_6.0.jpg,41.0868728,29.0418418,7sk8n5tOfSzl0JLttU4KxA,41.08686771590726,29.04181517169477,6.02,6.02,-10
3,0046,street,backward,uploaded,gs://cv-urban-accessibility-bucket/streetview/polygon_4v/20260516T074342Z/003-0046_backward_41.0868728_29.0418418_186.0.jpg,41.0868728,29.0418418,7sk8n5tOfSzl0JLttU4KxA,41.08686771590726,29.04181517169477,6.02,186.02,-10
3,0046,street,left,uploaded,gs://cv-urban-accessibility-bucket/streetview/polygon_4v/20260516T074342Z/003-0046_left_41.0868728_29.0418418_276.0.jpg,41.0868728,29.0418418,7sk8n5tOfSzl0JLttU4KxA,41.08686771590726,29.04181517169477,6.02,276.02,-40
3,0046,street,right,uploaded,gs://cv-urban-accessibility-bucket/streetview/polygon_4v/20260516T074342Z/003-0046_right_41.0868728_29.0418418_96.0.jpg,41.0868728,29.0418418,7sk8n5tOfSzl0JLttU4KxA,41.08686771590726,29.04181517169477,6.02,96.02,-40
3,0047,street,forward,uploaded,gs://cv-urban-accessibility-bucket/streetview/polygon_4v/20260516T074342Z/003-0047_forward_41.0867833_29.0418292_6.0.jpg,41.0867833,29.0418292,pUmTmWou_TuMmkOOx9tAlA,41.08678198629178,29.04180291875093,6.02,6.02,-10
3,0047,street,backward,uploaded,gs://cv-urban-accessibility-bucket/streetview/polygon_4v/20260516T074342Z/003-0047_backward_41.0867833_29.0418292_186.0.jpg,41.0867833,29.0418292,pUmTmWou_TuMmkOOx9tAlA,41.08678198629178,29.04180291875093,6.02,186.02,-10
3,0047,street,left,uploaded,gs://cv-urban-accessibility-bucket/streetview/polygon_4v/20260516T074342Z/003-0047_left_41.0867833_29.0418292_276.0.jpg,41.0867833,29.0418292,pUmTmWou_TuMmkOOx9tAlA,41.08678198629178,29.04180291875093,6.02,276.02,-40
3,0047,street,right,uploaded,gs://cv-urban-accessibility-bucket/streetview/polygon_4v/20260516T074342Z/003-0047_right_41.0867833_29.0418292_96.0.jpg,41.0867833,29.0418292,pUmTmWou_TuMmkOOx9tAlA,41.08678198629178,29.04180291875093,6.02,96.02,-40
3,0048,street,forward,uploaded,gs://cv-urban-accessibility-bucket/streetview/polygon_4v/20260516T074342Z/003-0048_forward_41.0866937_29.0418167_6.0.jpg,41.0866937,29.0418167,NLrnx7XBmHVpDu7EJdInLg,41.08669136854756,29.04178995549043,6.02,6.02,-10
3,0048,street,backward,uploaded,gs://cv-urban-accessibility-bucket/streetview/polygon_4v/20260516T074342Z/003-0048_backward_41.0866937_29.0418167_186.0.jpg,41.0866937,29.0418167,NLrnx7XBmHVpDu7EJdInLg,41.08669136854756,29.04178995549043,6.02,186.02,-10
3,0048,street,left,uploaded,gs://cv-urban-accessibility-bucket/streetview/polygon_4v/20260516T074342Z/003-0048_left_41.0866937_29.0418167_276.0.jpg,41.0866937,29.0418167,NLrnx7XBmHVpDu7EJdInLg,41.08669136854756,29.04178995549043,6.02,276.02,-40
3,0048,street,right,uploaded,gs://cv-urban-accessibility-bucket/streetview/polygon_4v/20260516T074342Z/003-0048_right_41.0866937_29.0418167_96.0.jpg,41.0866937,29.0418167,NLrnx7XBmHVpDu7EJdInLg,41.08669136854756,29.04178995549043,6.02,96.02,-40
3,0049,street,forward,uploaded,gs://cv-urban-accessibility-bucket/streetview/polygon_4v/20260516T074342Z/003-0049_forward_41.0866489_29.0418104_6.0.jpg,41.0866489,29.0418104,lWWfeK7UOZmpNFRQ12McLg,41.08661092583024,29.04177850164975,6.02,6.02,-10
3,0049,street,backward,uploaded,gs://cv-urban-accessibility-bucket/streetview/polygon_4v/20260516T074342Z/003-0049_backward_41.0866489_29.0418104_186.0.jpg,41.0866489,29.0418104,lWWfeK7UOZmpNFRQ12McLg,41.08661092583024,29.04177850164975,6.02,186.02,-10
3,0049,street,left,uploaded,gs://cv-urban-accessibility-bucket/streetview/polygon_4v/20260516T074342Z/003-0049_left_41.0866489_29.0418104_276.0.jpg,41.0866489,29.0418104,lWWfeK7UOZmpNFRQ12McLg,41.08661092583024,29.04177850164975,6.02,276.02,-40
3,0049,street,right,uploaded,gs://cv-urban-accessibility-bucket/streetview/polygon_4v/20260516T074342Z/003-0049_right_41.0866489_29.0418104_96.0.jpg,41.0866489,29.0418104,lWWfeK7UOZmpNFRQ12McLg,41.08661092583024,29.04177850164975,6.02,96.02,-40
1,0050,junction,forward,uploaded,gs://cv-urban-accessibility-bucket/streetview/polygon_4v/20260516T074342Z/001-0050_forward_41.0865594_29.0417979_85.8.jpg,41.0865594,29.0417979,ZsxpZ05aTYdvn6fG6Qgv8g,41.08654574460925,29.04183656994944,85.79,85.79,-10
1,0050,junction,backward,uploaded,gs://cv-urban-accessibility-bucket/streetview/polygon_4v/20260516T074342Z/001-0050_backward_41.0865594_29.0417979_265.8.jpg,41.0865594,29.0417979,ZsxpZ05aTYdvn6fG6Qgv8g,41.08654574460925,29.04183656994944,85.79,265.79,-10
1,0050,junction,left,uploaded,gs://cv-urban-accessibility-bucket/streetview/polygon_4v/20260516T074342Z/001-0050_left_41.0865594_29.0417979_355.8.jpg,41.0865594,29.0417979,ZsxpZ05aTYdvn6fG6Qgv8g,41.08654574460925,29.04183656994944,85.79,355.79,-40
1,0050,junction,right,uploaded,gs://cv-urban-accessibility-bucket/streetview/polygon_4v/20260516T074342Z/001-0050_right_41.0865594_29.0417979_175.8.jpg,41.0865594,29.0417979,ZsxpZ05aTYdvn6fG6Qgv8g,41.08654574460925,29.04183656994944,85.79,175.79000000000002,-40
2,0051,street,forward,uploaded,gs://cv-urban-accessibility-bucket/streetview/polygon_4v/20260516T074342Z/002-0051_forward_41.086491_29.0417941_2.4.jpg,41.086491,29.0417941,viG-mLnUMH9r03Jv325gLQ,41.08646487955882,29.04176607112401,2.41,2.41,-10
2,0051,street,backward,uploaded,gs://cv-urban-accessibility-bucket/streetview/polygon_4v/20260516T074342Z/002-0051_backward_41.086491_29.0417941_182.4.jpg,41.086491,29.0417941,viG-mLnUMH9r03Jv325gLQ,41.08646487955882,29.04176607112401,2.41,182.41,-10
2,0051,street,left,uploaded,gs://cv-urban-accessibility-bucket/streetview/polygon_4v/20260516T074342Z/002-0051_left_41.086491_29.0417941_272.4.jpg,41.086491,29.0417941,viG-mLnUMH9r03Jv325gLQ,41.08646487955882,29.04176607112401,2.41,272.40999999999997,-40
2,0051,street,right,uploaded,gs://cv-urban-accessibility-bucket/streetview/polygon_4v/20260516T074342Z/002-0051_right_41.086491_29.0417941_92.4.jpg,41.086491,29.0417941,viG-mLnUMH9r03Jv325gLQ,41.08646487955882,29.04176607112401,2.41,92.41,-40
2,0052,street,forward,uploaded,gs://cv-urban-accessibility-bucket/streetview/polygon_4v/20260516T074342Z/002-0052_forward_41.086401_29.0417969_357.5.jpg,41.086401,29.0417969,5qVbGTtSGLb2gUOt3IHSNw,41.08637225921839,29.041762697124,357.49,357.49,-10
2,0052,street,backward,uploaded,gs://cv-urban-accessibility-bucket/streetview/polygon_4v/20260516T074342Z/002-0052_backward_41.086401_29.0417969_177.5.jpg,41.086401,29.0417969,5qVbGTtSGLb2gUOt3IHSNw,41.08637225921839,29.041762697124,357.49,177.49,-10
2,0052,street,left,uploaded,gs://cv-urban-accessibility-bucket/streetview/polygon_4v/20260516T074342Z/002-0052_left_41.086401_29.0417969_267.5.jpg,41.086401,29.0417969,5qVbGTtSGLb2gUOt3IHSNw,41.08637225921839,29.041762697124,357.49,267.49,-40
2,0052,street,right,uploaded,gs://cv-urban-accessibility-bucket/streetview/polygon_4v/20260516T074342Z/002-0052_right_41.086401_29.0417969_87.5.jpg,41.086401,29.0417969,5qVbGTtSGLb2gUOt3IHSNw,41.08637225921839,29.041762697124,357.49,87.49000000000001,-40
2,0053,street,forward,uploaded,gs://cv-urban-accessibility-bucket/streetview/polygon_4v/20260516T074342Z/002-0053_forward_41.0863111_29.0418021_357.5.jpg,41.0863111,29.0418021,2qEg7s3Y32su37xzLb-NJQ,41.08627950863971,29.04176056617658,357.49,357.49,-10
2,0053,street,backward,uploaded,gs://cv-urban-accessibility-bucket/streetview/polygon_4v/20260516T074342Z/002-0053_backward_41.0863111_29.0418021_177.5.jpg,41.0863111,29.0418021,2qEg7s3Y32su37xzLb-NJQ,41.08627950863971,29.04176056617658,357.49,177.49,-10
2,0053,street,left,uploaded,gs://cv-urban-accessibility-bucket/streetview/polygon_4v/20260516T074342Z/002-0053_left_41.0863111_29.0418021_267.5.jpg,41.0863111,29.0418021,2qEg7s3Y32su37xzLb-NJQ,41.08627950863971,29.04176056617658,357.49,267.49,-40
2,0053,street,right,uploaded,gs://cv-urban-accessibility-bucket/streetview/polygon_4v/20260516T074342Z/002-0053_right_41.0863111_29.0418021_87.5.jpg,41.0863111,29.0418021,2qEg7s3Y32su37xzLb-NJQ,41.08627950863971,29.04176056617658,357.49,87.49000000000001,-40
2,0054,street,forward,uploaded,gs://cv-urban-accessibility-bucket/streetview/polygon_4v/20260516T074342Z/002-0054_forward_41.0862211_29.0418074_357.5.jpg,41.0862211,29.0418074,ZpfT-IH8RxHA2QWqcgKIig,41.086187472876,29.04176225317662,357.49,357.49,-10
2,0054,street,backward,uploaded,gs://cv-urban-accessibility-bucket/streetview/polygon_4v/20260516T074342Z/002-0054_backward_41.0862211_29.0418074_177.5.jpg,41.0862211,29.0418074,ZpfT-IH8RxHA2QWqcgKIig,41.086187472876,29.04176225317662,357.49,177.49,-10
2,0054,street,left,uploaded,gs://cv-urban-accessibility-bucket/streetview/polygon_4v/20260516T074342Z/002-0054_left_41.0862211_29.0418074_267.5.jpg,41.0862211,29.0418074,ZpfT-IH8RxHA2QWqcgKIig,41.086187472876,29.04176225317662,357.49,267.49,-40
2,0054,street,right,uploaded,gs://cv-urban-accessibility-bucket/streetview/polygon_4v/20260516T074342Z/002-0054_right_41.0862211_29.0418074_87.5.jpg,41.0862211,29.0418074,ZpfT-IH8RxHA2QWqcgKIig,41.086187472876,29.04176225317662,357.49,87.49000000000001,-40
2,0055,street,forward,uploaded,gs://cv-urban-accessibility-bucket/streetview/polygon_4v/20260516T074342Z/002-0055_forward_41.0861312_29.0418126_357.5.jpg,41.0861312,29.0418126,1L33_a8rXPJsWpEbgSxV1A,41.08609526070067,29.04176509443981,357.49,357.49,-10
2,0055,street,backward,uploaded,gs://cv-urban-accessibility-bucket/streetview/polygon_4v/20260516T074342Z/002-0055_backward_41.0861312_29.0418126_177.5.jpg,41.0861312,29.0418126,1L33_a8rXPJsWpEbgSxV1A,41.08609526070067,29.04176509443981,357.49,177.49,-10
2,0055,street,left,uploaded,gs://cv-urban-accessibility-bucket/streetview/polygon_4v/20260516T074342Z/002-0055_left_41.0861312_29.0418126_267.5.jpg,41.0861312,29.0418126,1L33_a8rXPJsWpEbgSxV1A,41.08609526070067,29.04176509443981,357.49,267.49,-40
2,0055,street,right,uploaded,gs://cv-urban-accessibility-bucket/streetview/polygon_4v/20260516T074342Z/002-0055_right_41.0861312_29.0418126_87.5.jpg,41.0861312,29.0418126,1L33_a8rXPJsWpEbgSxV1A,41.08609526070067,29.04176509443981,357.49,87.49000000000001,-40
2,0056,street,forward,uploaded,gs://cv-urban-accessibility-bucket/streetview/polygon_4v/20260516T074342Z/002-0056_forward_41.0860412_29.0418178_357.5.jpg,41.0860412,29.0418178,ZksMID-htyPM4z5QV9vvIg,41.08600627750072,29.04176980028184,357.49,357.49,-10
2,0056,street,backward,uploaded,gs://cv-urban-accessibility-bucket/streetview/polygon_4v/20260516T074342Z/002-0056_backward_41.0860412_29.0418178_177.5.jpg,41.0860412,29.0418178,ZksMID-htyPM4z5QV9vvIg,41.08600627750072,29.04176980028184,357.49,177.49,-10
2,0056,street,left,uploaded,gs://cv-urban-accessibility-bucket/streetview/polygon_4v/20260516T074342Z/002-0056_left_41.0860412_29.0418178_267.5.jpg,41.0860412,29.0418178,ZksMID-htyPM4z5QV9vvIg,41.08600627750072,29.04176980028184,357.49,267.49,-40
2,0056,street,right,uploaded,gs://cv-urban-accessibility-bucket/streetview/polygon_4v/20260516T074342Z/002-0056_right_41.0860412_29.0418178_87.5.jpg,41.0860412,29.0418178,ZksMID-htyPM4z5QV9vvIg,41.08600627750072,29.04176980028184,357.49,87.49000000000001,-40
2,0057,street,forward,uploaded,gs://cv-urban-accessibility-bucket/streetview/polygon_4v/20260516T074342Z/002-0057_forward_41.0859512_29.0418231_357.5.jpg,41.0859512,29.0418231,qI_z-UpSFeiexiGIGqW4NA,41.08591399274516,29.04177752496562,357.49,357.49,-10
2,0057,street,backward,uploaded,gs://cv-urban-accessibility-bucket/streetview/polygon_4v/20260516T074342Z/002-0057_backward_41.0859512_29.0418231_177.5.jpg,41.0859512,29.0418231,qI_z-UpSFeiexiGIGqW4NA,41.08591399274516,29.04177752496562,357.49,177.49,-10
2,0057,street,left,uploaded,gs://cv-urban-accessibility-bucket/streetview/polygon_4v/20260516T074342Z/002-0057_left_41.0859512_29.0418231_267.5.jpg,41.0859512,29.0418231,qI_z-UpSFeiexiGIGqW4NA,41.08591399274516,29.04177752496562,357.49,267.49,-40
2,0057,street,right,uploaded,gs://cv-urban-accessibility-bucket/streetview/polygon_4v/20260516T074342Z/002-0057_right_41.0859512_29.0418231_87.5.jpg,41.0859512,29.0418231,qI_z-UpSFeiexiGIGqW4NA,41.08591399274516,29.04177752496562,357.49,87.49000000000001,-40
2,0058,street,forward,uploaded,gs://cv-urban-accessibility-bucket/streetview/polygon_4v/20260516T074342Z/002-0058_forward_41.0858613_29.0418283_357.5.jpg,41.0858613,29.0418283,OjSS_ovPxYd5qr_rTwCeqw,41.08582015820497,29.04178960033259,357.49,357.49,-10
2,0058,street,backward,uploaded,gs://cv-urban-accessibility-bucket/streetview/polygon_4v/20260516T074342Z/002-0058_backward_41.0858613_29.0418283_177.5.jpg,41.0858613,29.0418283,OjSS_ovPxYd5qr_rTwCeqw,41.08582015820497,29.04178960033259,357.49,177.49,-10
2,0058,street,left,uploaded,gs://cv-urban-accessibility-bucket/streetview/polygon_4v/20260516T074342Z/002-0058_left_41.0858613_29.0418283_267.5.jpg,41.0858613,29.0418283,OjSS_ovPxYd5qr_rTwCeqw,41.08582015820497,29.04178960033259,357.49,267.49,-40
2,0058,street,right,uploaded,gs://cv-urban-accessibility-bucket/streetview/polygon_4v/20260516T074342Z/002-0058_right_41.0858613_29.0418283_87.5.jpg,41.0858613,29.0418283,OjSS_ovPxYd5qr_rTwCeqw,41.08582015820497,29.04178960033259,357.49,87.49000000000001,-40
7,0059,street,forward,uploaded,gs://cv-urban-accessibility-bucket/streetview/polygon_4v/20260516T074342Z/007-0059_forward_41.0858212_29.0418901_83.8.jpg,41.0858212,29.0418901,_IHPeCubwFxGfYfpL3fwaw,41.08581779649964,29.041910620318,83.75,83.75,-10
7,0059,street,backward,uploaded,gs://cv-urban-accessibility-bucket/streetview/polygon_4v/20260516T074342Z/007-0059_backward_41.0858212_29.0418901_263.8.jpg,41.0858212,29.0418901,_IHPeCubwFxGfYfpL3fwaw,41.08581779649964,29.041910620318,83.75,263.75,-10
7,0059,street,left,uploaded,gs://cv-urban-accessibility-bucket/streetview/polygon_4v/20260516T074342Z/007-0059_left_41.0858212_29.0418901_353.8.jpg,41.0858212,29.0418901,_IHPeCubwFxGfYfpL3fwaw,41.08581779649964,29.041910620318,83.75,353.75,-40
7,0059,street,right,uploaded,gs://cv-urban-accessibility-bucket/streetview/polygon_4v/20260516T074342Z/007-0059_right_41.0858212_29.0418901_173.8.jpg,41.0858212,29.0418901,_IHPeCubwFxGfYfpL3fwaw,41.08581779649964,29.041910620318,83.75,173.75,-40
7,0060,street,forward,uploaded,gs://cv-urban-accessibility-bucket/streetview/polygon_4v/20260516T074342Z/007-0060_forward_41.0858309_29.0420084_83.8.jpg,41.0858309,29.0420084,3A0edwL0_gktkVSNYZyn7w,41.08582622893189,29.04203243931158,83.75,83.75,-10
7,0060,street,backward,uploaded,gs://cv-urban-accessibility-bucket/streetview/polygon_4v/20260516T074342Z/007-0060_backward_41.0858309_29.0420084_263.8.jpg,41.0858309,29.0420084,3A0edwL0_gktkVSNYZyn7w,41.08582622893189,29.04203243931158,83.75,263.75,-10
7,0060,street,left,uploaded,gs://cv-urban-accessibility-bucket/streetview/polygon_4v/20260516T074342Z/007-0060_left_41.0858309_29.0420084_353.8.jpg,41.0858309,29.0420084,3A0edwL0_gktkVSNYZyn7w,41.08582622893189,29.04203243931158,83.75,353.75,-40
7,0060,street,right,uploaded,gs://cv-urban-accessibility-bucket/streetview/polygon_4v/20260516T074342Z/007-0060_right_41.0858309_29.0420084_173.8.jpg,41.0858309,29.0420084,3A0edwL0_gktkVSNYZyn7w,41.08582622893189,29.04203243931158,83.75,173.75,-40
7,0061,street,forward,uploaded,gs://cv-urban-accessibility-bucket/streetview/polygon_4v/20260516T074342Z/007-0061_forward_41.0858407_29.0421267_83.8.jpg,41.0858407,29.0421267,AMd3AumMSfry55_poaF3xA,41.08583335479124,29.04215310394799,83.75,83.75,-10
7,0061,street,backward,uploaded,gs://cv-urban-accessibility-bucket/streetview/polygon_4v/20260516T074342Z/007-0061_backward_41.0858407_29.0421267_263.8.jpg,41.0858407,29.0421267,AMd3AumMSfry55_poaF3xA,41.08583335479124,29.04215310394799,83.75,263.75,-10
7,0061,street,left,uploaded,gs://cv-urban-accessibility-bucket/streetview/polygon_4v/20260516T074342Z/007-0061_left_41.0858407_29.0421267_353.8.jpg,41.0858407,29.0421267,AMd3AumMSfry55_poaF3xA,41.08583335479124,29.04215310394799,83.75,353.75,-40
7,0061,street,right,uploaded,gs://cv-urban-accessibility-bucket/streetview/polygon_4v/20260516T074342Z/007-0061_right_41.0858407_29.0421267_173.8.jpg,41.0858407,29.0421267,AMd3AumMSfry55_poaF3xA,41.08583335479124,29.04215310394799,83.75,173.75,-40
7,0062,street,forward,uploaded,gs://cv-urban-accessibility-bucket/streetview/polygon_4v/20260516T074342Z/007-0062_forward_41.0858505_29.042245_83.8.jpg,41.0858505,29.042245,wDH_KZKOqo099k5X24WHcw,41.08584058927728,29.04227465638104,83.75,83.75,-10
7,0062,street,backward,uploaded,gs://cv-urban-accessibility-bucket/streetview/polygon_4v/20260516T074342Z/007-0062_backward_41.0858505_29.042245_263.8.jpg,41.0858505,29.042245,wDH_KZKOqo099k5X24WHcw,41.08584058927728,29.04227465638104,83.75,263.75,-10
7,0062,street,left,uploaded,gs://cv-urban-accessibility-bucket/streetview/polygon_4v/20260516T074342Z/007-0062_left_41.0858505_29.042245_353.8.jpg,41.0858505,29.042245,wDH_KZKOqo099k5X24WHcw,41.08584058927728,29.04227465638104,83.75,353.75,-40
7,0062,street,right,uploaded,gs://cv-urban-accessibility-bucket/streetview/polygon_4v/20260516T074342Z/007-0062_right_41.0858505_29.042245_173.8.jpg,41.0858505,29.042245,wDH_KZKOqo099k5X24WHcw,41.08584058927728,29.04227465638104,83.75,173.75,-40
7,0063,street,forward,uploaded,gs://cv-urban-accessibility-bucket/streetview/polygon_4v/20260516T074342Z/007-0063_forward_41.0858602_29.0423633_83.8.jpg,41.0858602,29.0423633,bb2Bdz8TWo4SzB4heraRRQ,41.08584790530279,29.04239745176503,83.75,83.75,-10
7,0063,street,backward,uploaded,gs://cv-urban-accessibility-bucket/streetview/polygon_4v/20260516T074342Z/007-0063_backward_41.0858602_29.0423633_263.8.jpg,41.0858602,29.0423633,bb2Bdz8TWo4SzB4heraRRQ,41.08584790530279,29.04239745176503,83.75,263.75,-10
7,0063,street,left,uploaded,gs://cv-urban-accessibility-bucket/streetview/polygon_4v/20260516T074342Z/007-0063_left_41.0858602_29.0423633_353.8.jpg,41.0858602,29.0423633,bb2Bdz8TWo4SzB4heraRRQ,41.08584790530279,29.04239745176503,83.75,353.75,-40
7,0063,street,right,uploaded,gs://cv-urban-accessibility-bucket/streetview/polygon_4v/20260516T074342Z/007-0063_right_41.0858602_29.0423633_173.8.jpg,41.0858602,29.0423633,bb2Bdz8TWo4SzB4heraRRQ,41.08584790530279,29.04239745176503,83.75,173.75,-40
7,0064,street,forward,uploaded,gs://cv-urban-accessibility-bucket/streetview/polygon_4v/20260516T074342Z/007-0064_forward_41.08587_29.0424816_83.8.jpg,41.08587,29.0424816,LvDML328QzNDgD1o9WLvrw,41.08585527485179,29.04251722822328,83.75,83.75,-10
7,0064,street,backward,uploaded,gs://cv-urban-accessibility-bucket/streetview/polygon_4v/20260516T074342Z/007-0064_backward_41.08587_29.0424816_263.8.jpg,41.08587,29.0424816,LvDML328QzNDgD1o9WLvrw,41.08585527485179,29.04251722822328,83.75,263.75,-10
7,0064,street,left,uploaded,gs://cv-urban-accessibility-bucket/streetview/polygon_4v/20260516T074342Z/007-0064_left_41.08587_29.0424816_353.8.jpg,41.08587,29.0424816,LvDML328QzNDgD1o9WLvrw,41.08585527485179,29.04251722822328,83.75,353.75,-40
7,0064,street,right,uploaded,gs://cv-urban-accessibility-bucket/streetview/polygon_4v/20260516T074342Z/007-0064_right_41.08587_29.0424816_173.8.jpg,41.08587,29.0424816,LvDML328QzNDgD1o9WLvrw,41.08585527485179,29.04251722822328,83.75,173.75,-40
7,0065,street,forward,uploaded,gs://cv-urban-accessibility-bucket/streetview/polygon_4v/20260516T074342Z/007-0065_forward_41.0858798_29.0425999_83.8.jpg,41.0858798,29.0425999,2fO0UGPgPVutKpqHuf5y7g,41.08586370859588,29.04263647185395,83.75,83.75,-10
7,0065,street,backward,uploaded,gs://cv-urban-accessibility-bucket/streetview/polygon_4v/20260516T074342Z/007-0065_backward_41.0858798_29.0425999_263.8.jpg,41.0858798,29.0425999,2fO0UGPgPVutKpqHuf5y7g,41.08586370859588,29.04263647185395,83.75,263.75,-10
7,0065,street,left,uploaded,gs://cv-urban-accessibility-bucket/streetview/polygon_4v/20260516T074342Z/007-0065_left_41.0858798_29.0425999_353.8.jpg,41.0858798,29.0425999,2fO0UGPgPVutKpqHuf5y7g,41.08586370859588,29.04263647185395,83.75,353.75,-40
7,0065,street,right,uploaded,gs://cv-urban-accessibility-bucket/streetview/polygon_4v/20260516T074342Z/007-0065_right_41.0858798_29.0425999_173.8.jpg,41.0858798,29.0425999,2fO0UGPgPVutKpqHuf5y7g,41.08586370859588,29.04263647185395,83.75,173.75,-40
7,0066,street,forward,uploaded,gs://cv-urban-accessibility-bucket/streetview/polygon_4v/20260516T074342Z/007-0066_forward_41.0858895_29.0427183_83.8.jpg,41.0858895,29.0427183,nySxv5myw4dw6J8KiGz_Qg,41.08587216126392,29.04275615933622,83.75,83.75,-10
7,0066,street,backward,uploaded,gs://cv-urban-accessibility-bucket/streetview/polygon_4v/20260516T074342Z/007-0066_backward_41.0858895_29.0427183_263.8.jpg,41.0858895,29.0427183,nySxv5myw4dw6J8KiGz_Qg,41.08587216126392,29.04275615933622,83.75,263.75,-10
7,0066,street,left,uploaded,gs://cv-urban-accessibility-bucket/streetview/polygon_4v/20260516T074342Z/007-0066_left_41.0858895_29.0427183_353.8.jpg,41.0858895,29.0427183,nySxv5myw4dw6J8KiGz_Qg,41.08587216126392,29.04275615933622,83.75,353.75,-40
7,0066,street,right,uploaded,gs://cv-urban-accessibility-bucket/streetview/polygon_4v/20260516T074342Z/007-0066_right_41.0858895_29.0427183_173.8.jpg,41.0858895,29.0427183,nySxv5myw4dw6J8KiGz_Qg,41.08587216126392,29.04275615933622,83.75,173.75,-40
7,0067,street,forward,uploaded,gs://cv-urban-accessibility-bucket/streetview/polygon_4v/20260516T074342Z/007-0067_forward_41.0858993_29.0428366_83.8.jpg,41.0858993,29.0428366,T1z2oLk3har-hl0hE0MeBw,41.08588086421161,29.0428790431227,83.75,83.75,-10
7,0067,street,backward,uploaded,gs://cv-urban-accessibility-bucket/streetview/polygon_4v/20260516T074342Z/007-0067_backward_41.0858993_29.0428366_263.8.jpg,41.0858993,29.0428366,T1z2oLk3har-hl0hE0MeBw,41.08588086421161,29.0428790431227,83.75,263.75,-10
7,0067,street,left,uploaded,gs://cv-urban-accessibility-bucket/streetview/polygon_4v/20260516T074342Z/007-0067_left_41.0858993_29.0428366_353.8.jpg,41.0858993,29.0428366,T1z2oLk3har-hl0hE0MeBw,41.08588086421161,29.0428790431227,83.75,353.75,-40
7,0067,street,right,uploaded,gs://cv-urban-accessibility-bucket/streetview/polygon_4v/20260516T074342Z/007-0067_right_41.0858993_29.0428366_173.8.jpg,41.0858993,29.0428366,T1z2oLk3har-hl0hE0MeBw,41.08588086421161,29.0428790431227,83.75,173.75,-40
7,0068,street,forward,uploaded,gs://cv-urban-accessibility-bucket/streetview/polygon_4v/20260516T074342Z/007-0068_forward_41.0859091_29.0429549_83.8.jpg,41.0859091,29.0429549,tOxH8XBSY11htksNVKWn8g,41.08588939823488,29.04299997345785,83.75,83.75,-10
7,0068,street,backward,uploaded,gs://cv-urban-accessibility-bucket/streetview/polygon_4v/20260516T074342Z/007-0068_backward_41.0859091_29.0429549_263.8.jpg,41.0859091,29.0429549,tOxH8XBSY11htksNVKWn8g,41.08588939823488,29.04299997345785,83.75,263.75,-10
7,0068,street,left,uploaded,gs://cv-urban-accessibility-bucket/streetview/polygon_4v/20260516T074342Z/007-0068_left_41.0859091_29.0429549_353.8.jpg,41.0859091,29.0429549,tOxH8XBSY11htksNVKWn8g,41.08588939823488,29.04299997345785,83.75,353.75,-40
7,0068,street,right,uploaded,gs://cv-urban-accessibility-bucket/streetview/polygon_4v/20260516T074342Z/007-0068_right_41.0859091_29.0429549_173.8.jpg,41.0859091,29.0429549,tOxH8XBSY11htksNVKWn8g,41.08588939823488,29.04299997345785,83.75,173.75,-40
7,0069,street,forward,uploaded,gs://cv-urban-accessibility-bucket/streetview/polygon_4v/20260516T074342Z/007-0069_forward_41.0859188_29.0430732_83.8.jpg,41.0859188,29.0430732,L0Rqre8_qN5gX45-zV7Gpg,41.08589754531211,29.0431148660666,83.75,83.75,-10
7,0069,street,backward,uploaded,gs://cv-urban-accessibility-bucket/streetview/polygon_4v/20260516T074342Z/007-0069_backward_41.0859188_29.0430732_263.8.jpg,41.0859188,29.0430732,L0Rqre8_qN5gX45-zV7Gpg,41.08589754531211,29.0431148660666,83.75,263.75,-10
7,0069,street,left,uploaded,gs://cv-urban-accessibility-bucket/streetview/polygon_4v/20260516T074342Z/007-0069_left_41.0859188_29.0430732_353.8.jpg,41.0859188,29.0430732,L0Rqre8_qN5gX45-zV7Gpg,41.08589754531211,29.0431148660666,83.75,353.75,-40
7,0069,street,right,uploaded,gs://cv-urban-accessibility-bucket/streetview/polygon_4v/20260516T074342Z/007-0069_right_41.0859188_29.0430732_173.8.jpg,41.0859188,29.0430732,L0Rqre8_qN5gX45-zV7Gpg,41.08589754531211,29.0431148660666,83.75,173.75,-40
1,0070,street,forward,uploaded,gs://cv-urban-accessibility-bucket/streetview/polygon_4v/20260516T074342Z/001-0070_forward_41.0866393_29.0429232_82.4.jpg,41.0866393,29.0429232,PhY5R0D9Twclm5pkg6uadw,41.08660934003576,29.04293062942273,82.39,82.39,-10
1,0070,street,backward,uploaded,gs://cv-urban-accessibility-bucket/streetview/polygon_4v/20260516T074342Z/001-0070_backward_41.0866393_29.0429232_262.4.jpg,41.0866393,29.0429232,PhY5R0D9Twclm5pkg6uadw,41.08660934003576,29.04293062942273,82.39,262.39,-10
1,0070,street,left,uploaded,gs://cv-urban-accessibility-bucket/streetview/polygon_4v/20260516T074342Z/001-0070_left_41.0866393_29.0429232_352.4.jpg,41.0866393,29.0429232,PhY5R0D9Twclm5pkg6uadw,41.08660934003576,29.04293062942273,82.39,352.39,-40
1,0070,street,right,uploaded,gs://cv-urban-accessibility-bucket/streetview/polygon_4v/20260516T074342Z/001-0070_right_41.0866393_29.0429232_172.4.jpg,41.0866393,29.0429232,PhY5R0D9Twclm5pkg6uadw,41.08660934003576,29.04293062942273,82.39,172.39,-40
1,0071,street,forward,uploaded,gs://cv-urban-accessibility-bucket/streetview/polygon_4v/20260516T074342Z/001-0071_forward_41.0866334_29.0428642_82.4.jpg,41.0866334,29.0428642,lZ1YIILaer7FqMkoWmh6nA,41.08660032077329,29.04281120844352,82.39,82.39,-10
1,0071,street,backward,uploaded,gs://cv-urban-accessibility-bucket/streetview/polygon_4v/20260516T074342Z/001-0071_backward_41.0866334_29.0428642_262.4.jpg,41.0866334,29.0428642,lZ1YIILaer7FqMkoWmh6nA,41.08660032077329,29.04281120844352,82.39,262.39,-10
1,0071,street,left,uploaded,gs://cv-urban-accessibility-bucket/streetview/polygon_4v/20260516T074342Z/001-0071_left_41.0866334_29.0428642_352.4.jpg,41.0866334,29.0428642,lZ1YIILaer7FqMkoWmh6nA,41.08660032077329,29.04281120844352,82.39,352.39,-40
1,0071,street,right,uploaded,gs://cv-urban-accessibility-bucket/streetview/polygon_4v/20260516T074342Z/001-0071_right_41.0866334_29.0428642_172.4.jpg,41.0866334,29.0428642,lZ1YIILaer7FqMkoWmh6nA,41.08660032077329,29.04281120844352,82.39,172.39,-40
1,0072,street,forward,uploaded,gs://cv-urban-accessibility-bucket/streetview/polygon_4v/20260516T074342Z/001-0072_forward_41.0866155_29.0426872_82.4.jpg,41.0866155,29.0426872,Vhcd2fQo2opRjnb-tmdVtQ,41.08659103712627,29.04268761429107,82.39,82.39,-10
1,0072,street,backward,uploaded,gs://cv-urban-accessibility-bucket/streetview/polygon_4v/20260516T074342Z/001-0072_backward_41.0866155_29.0426872_262.4.jpg,41.0866155,29.0426872,Vhcd2fQo2opRjnb-tmdVtQ,41.08659103712627,29.04268761429107,82.39,262.39,-10
1,0072,street,left,uploaded,gs://cv-urban-accessibility-bucket/streetview/polygon_4v/20260516T074342Z/001-0072_left_41.0866155_29.0426872_352.4.jpg,41.0866155,29.0426872,Vhcd2fQo2opRjnb-tmdVtQ,41.08659103712627,29.04268761429107,82.39,352.39,-40
1,0072,street,right,uploaded,gs://cv-urban-accessibility-bucket/streetview/polygon_4v/20260516T074342Z/001-0072_right_41.0866155_29.0426872_172.4.jpg,41.0866155,29.0426872,Vhcd2fQo2opRjnb-tmdVtQ,41.08659103712627,29.04268761429107,82.39,172.39,-40
1,0073,street,forward,uploaded,gs://cv-urban-accessibility-bucket/streetview/polygon_4v/20260516T074342Z/001-0073_forward_41.0866036_29.0425692_82.4.jpg,41.0866036,29.0425692,MQvo2KoYy4Zu6xe1ozxq5w,41.08658188118056,29.04256535187394,82.39,82.39,-10
1,0073,street,backward,uploaded,gs://cv-urban-accessibility-bucket/streetview/polygon_4v/20260516T074342Z/001-0073_backward_41.0866036_29.0425692_262.4.jpg,41.0866036,29.0425692,MQvo2KoYy4Zu6xe1ozxq5w,41.08658188118056,29.04256535187394,82.39,262.39,-10
1,0073,street,left,uploaded,gs://cv-urban-accessibility-bucket/streetview/polygon_4v/20260516T074342Z/001-0073_left_41.0866036_29.0425692_352.4.jpg,41.0866036,29.0425692,MQvo2KoYy4Zu6xe1ozxq5w,41.08658188118056,29.04256535187394,82.39,352.39,-40
1,0073,street,right,uploaded,gs://cv-urban-accessibility-bucket/streetview/polygon_4v/20260516T074342Z/001-0073_right_41.0866036_29.0425692_172.4.jpg,41.0866036,29.0425692,MQvo2KoYy4Zu6xe1ozxq5w,41.08658188118056,29.04256535187394,82.39,172.39,-40
1,0074,street,forward,uploaded,gs://cv-urban-accessibility-bucket/streetview/polygon_4v/20260516T074342Z/001-0074_forward_41.0865957_29.0424507_85.8.jpg,41.0865957,29.0424507,WA3XjXLr7VS3P98e1nwsEA,41.08657288580791,29.04244584182061,85.77,85.77,-10
1,0074,street,backward,uploaded,gs://cv-urban-accessibility-bucket/streetview/polygon_4v/20260516T074342Z/001-0074_backward_41.0865957_29.0424507_265.8.jpg,41.0865957,29.0424507,WA3XjXLr7VS3P98e1nwsEA,41.08657288580791,29.04244584182061,85.77,265.77,-10
1,0074,street,left,uploaded,gs://cv-urban-accessibility-bucket/streetview/polygon_4v/20260516T074342Z/001-0074_left_41.0865957_29.0424507_355.8.jpg,41.0865957,29.0424507,WA3XjXLr7VS3P98e1nwsEA,41.08657288580791,29.04244584182061,85.77,355.77,-40
1,0074,street,right,uploaded,gs://cv-urban-accessibility-bucket/streetview/polygon_4v/20260516T074342Z/001-0074_right_41.0865957_29.0424507_175.8.jpg,41.0865957,29.0424507,WA3XjXLr7VS3P98e1nwsEA,41.08657288580791,29.04244584182061,85.77,175.76999999999998,-40
1,0075,street,forward,uploaded,gs://cv-urban-accessibility-bucket/streetview/polygon_4v/20260516T074342Z/001-0075_forward_41.0865891_29.042332_85.8.jpg,41.0865891,29.042332,w7TKapm41XbaeR8DRS2e6w,41.08656382498418,29.04232579893905,85.77,85.77,-10
1,0075,street,backward,uploaded,gs://cv-urban-accessibility-bucket/streetview/polygon_4v/20260516T074342Z/001-0075_backward_41.0865891_29.042332_265.8.jpg,41.0865891,29.042332,w7TKapm41XbaeR8DRS2e6w,41.08656382498418,29.04232579893905,85.77,265.77,-10
1,0075,street,left,uploaded,gs://cv-urban-accessibility-bucket/streetview/polygon_4v/20260516T074342Z/001-0075_left_41.0865891_29.042332_355.8.jpg,41.0865891,29.042332,w7TKapm41XbaeR8DRS2e6w,41.08656382498418,29.04232579893905,85.77,355.77,-40
1,0075,street,right,uploaded,gs://cv-urban-accessibility-bucket/streetview/polygon_4v/20260516T074342Z/001-0075_right_41.0865891_29.042332_175.8.jpg,41.0865891,29.042332,w7TKapm41XbaeR8DRS2e6w,41.08656382498418,29.04232579893905,85.77,175.76999999999998,-40
1,0076,street,forward,uploaded,gs://cv-urban-accessibility-bucket/streetview/polygon_4v/20260516T074342Z/001-0076_forward_41.0865825_29.0422133_85.8.jpg,41.0865825,29.0422133,Uo97w7kLsJFfVfBSX2Qx9w,41.08655919190053,29.04220069497783,85.79,85.79,-10
1,0076,street,backward,uploaded,gs://cv-urban-accessibility-bucket/streetview/polygon_4v/20260516T074342Z/001-0076_backward_41.0865825_29.0422133_265.8.jpg,41.0865825,29.0422133,Uo97w7kLsJFfVfBSX2Qx9w,41.08655919190053,29.04220069497783,85.79,265.79,-10
1,0076,street,left,uploaded,gs://cv-urban-accessibility-bucket/streetview/polygon_4v/20260516T074342Z/001-0076_left_41.0865825_29.0422133_355.8.jpg,41.0865825,29.0422133,Uo97w7kLsJFfVfBSX2Qx9w,41.08655919190053,29.04220069497783,85.79,355.79,-40
1,0076,street,right,uploaded,gs://cv-urban-accessibility-bucket/streetview/polygon_4v/20260516T074342Z/001-0076_right_41.0865825_29.0422133_175.8.jpg,41.0865825,29.0422133,Uo97w7kLsJFfVfBSX2Qx9w,41.08655919190053,29.04220069497783,85.79,175.79000000000002,-40
1,0077,street,forward,uploaded,gs://cv-urban-accessibility-bucket/streetview/polygon_4v/20260516T074342Z/001-0077_forward_41.0865759_29.0420946_85.8.jpg,41.0865759,29.0420946,CY01wH32fgONjIK8mRmxzA,41.08655475180853,29.04207745548949,85.79,85.79,-10
1,0077,street,backward,uploaded,gs://cv-urban-accessibility-bucket/streetview/polygon_4v/20260516T074342Z/001-0077_backward_41.0865759_29.0420946_265.8.jpg,41.0865759,29.0420946,CY01wH32fgONjIK8mRmxzA,41.08655475180853,29.04207745548949,85.79,265.79,-10
1,0077,street,left,uploaded,gs://cv-urban-accessibility-bucket/streetview/polygon_4v/20260516T074342Z/001-0077_left_41.0865759_29.0420946_355.8.jpg,41.0865759,29.0420946,CY01wH32fgONjIK8mRmxzA,41.08655475180853,29.04207745548949,85.79,355.79,-40
1,0077,street,right,uploaded,gs://cv-urban-accessibility-bucket/streetview/polygon_4v/20260516T074342Z/001-0077_right_41.0865759_29.0420946_175.8.jpg,41.0865759,29.0420946,CY01wH32fgONjIK8mRmxzA,41.08655475180853,29.04207745548949,85.79,175.79000000000002,-40
1,0078,street,forward,uploaded,gs://cv-urban-accessibility-bucket/streetview/polygon_4v/20260516T074342Z/001-0078_forward_41.0865693_29.0419759_85.8.jpg,41.0865693,29.0419759,EIusXz2O450F50_u-qPeWQ,41.0865504563422,29.04195856658069,85.79,85.79,-10
1,0078,street,backward,uploaded,gs://cv-urban-accessibility-bucket/streetview/polygon_4v/20260516T074342Z/001-0078_backward_41.0865693_29.0419759_265.8.jpg,41.0865693,29.0419759,EIusXz2O450F50_u-qPeWQ,41.0865504563422,29.04195856658069,85.79,265.79,-10
1,0078,street,left,uploaded,gs://cv-urban-accessibility-bucket/streetview/polygon_4v/20260516T074342Z/001-0078_left_41.0865693_29.0419759_355.8.jpg,41.0865693,29.0419759,EIusXz2O450F50_u-qPeWQ,41.0865504563422,29.04195856658069,85.79,355.79,-40
1,0078,street,right,uploaded,gs://cv-urban-accessibility-bucket/streetview/polygon_4v/20260516T074342Z/001-0078_right_41.0865693_29.0419759_175.8.jpg,41.0865693,29.0419759,EIusXz2O450F50_u-qPeWQ,41.0865504563422,29.04195856658069,85.79,175.79000000000002,-40
